code,station_name,network_region,fueltech_id,capacity_registered,capacity_maximum
BLNKTAS,Basslink HVDC Link,TAS1,none,478.000,478.000
BLNKVIC,Basslink HVDC Link,VIC1,none,594.000,594.000
None,Jindabyne Pump At Guthega,VIC1,none,70.000,70.000
None,Portland,VIC1,none,450.000,509.000
None,Snuggery Power Station,SA1,none,21.000,21.000
SHPUMP,Shoalhaven Power Station (Bendeela And Kangaroo Valley Power Station And Pumps),NSW1,pumps,240.000,240.000
SHPUMP,Shoalhaven Power Station (Bendeela And Kangaroo Valley Power Station And Pumps),NSW1,pumps,,
SNOWYP,Tumut 3 Pumps,NSW1,pumps,600.000,600.000
PUMP1,Wivenhoe Power Station,QLD1,pumps,240.000,245.000
PUMP2,Wivenhoe Power Station,QLD1,pumps,240.000,245.000
DALNTHL1,Dalrymple North Battery Energy Storage System,SA1,battery_charging,30.000,30.000
HPRL1,Hornsdale Power Reserve,SA1,battery_charging,120.000,120.000
TABMILL2,"Tableland Mill, Unit 2",QLD1,biomass,24.000,17.000
None,Victoria Mill,QLD1,biomass,24.000,24.000
None,Victoria Mill,QLD1,biomass,,
VICMILL1,Victoria Mill,QLD1,biomass,24.000,24.000
PIONEER,Pioneer Sugar Mill,QLD1,biomass,68.000,68.000
BWTR1,Broadwater Power Station,NSW1,biomass,38.000,38.000
BWTR1,Broadwater Power Station,NSW1,biomass,,
CONDONG1,Condong Power Station,NSW1,biomass,30.000,30.000
INVICTA,Invicta Sugar Mill,QLD1,biomass,50.300,51.000
INVICTA,Invicta Sugar Mill,QLD1,biomass,,
INVICTA,Invicta Sugar Mill,QLD1,biomass,,
ICSM,ISIS Central Sugar Mill Co-generation Plant,QLD1,biomass,25.000,25.000
None,Pioneer Sugar Mill,QLD1,biomass,67.780,68.000
None,Pioneer Sugar Mill,QLD1,biomass,,
RACOMIL1,Racecourse Mill Power Station,QLD1,biomass,3.500,3.500
RACOMIL1,Racecourse Mill Power Station,QLD1,biomass,7.000,7.000
RACOMIL1,Racecourse Mill Power Station,QLD1,biomass,38.000,38.000
RPCG,Rocky Point Cogeneration Plant,QLD1,biomass,30.000,30.000
EDLRGNRD,Roghan Road LFG Power Plant,QLD1,biomass,2.000,2.000
SUNCOAST,Suncoast Gold Macadamias,QLD1,biomass,1.500,1.000
ROCHEDAL,Rochedale Renewable Energy Facility,QLD1,biomass,4.400,4.000
AGLSITA1,Agl Kemps Creek,NSW1,biomass,1.000,2.000
JACKSGUL,Jacks Gully Landfill Gas Power Station,NSW1,biomass,2.300,2.000
KINCUM1,Kincumber Landfill Site,NSW1,biomass,1.064,1.000
LUCAS2S2,Lucas Heights 2 Power Station,NSW1,biomass,4.600,5.000
MORNW,Mornington Waste Disposal Facility,VIC1,biomass,1.000,1.000
TITREE,Veolia Ti Tree Bio Reactor,QLD1,biomass,2.000,2.000
AGLNOW1,West Nowra Landfill Gas Power Generation Facility,NSW1,biomass,1.000,1.000
WHIT1,Whitwood Road Renewable Energy Facility,QLD1,biomass,1.000,1.000
WDLNGN01,Woodlawn Bioreactor Energy Generation Station,NSW1,biomass,7.000,7.000
WDLNGN01,Woodlawn Bioreactor Energy Generation Station,NSW1,biomass,,
WYNDW,Wyndham Waste Disposal Facility,VIC1,biomass,1.000,1.000
HIGHBRY1,Highbury Landfill Gas Power Station Unit 1,SA1,biomass,2.000,2.000
TEATREE1,Tea Tree Gully Landfill Gas Power Station Unit 1,SA1,biomass,1.000,1.000
BERWICK,Berwick Power Plant,VIC1,biomass,7.000,7.000
PEDLER1,Pedler Creek Landfill Gas Power Station Units 1-3,SA1,biomass,3.000,3.000
WING1_1,Wingfield 1 Landfill Gas Power Station Units 1-4,SA1,biomass,5.000,5.000
WING2_1,Wingfield 2 Landfill Gas Power Station Units 1-4,SA1,biomass,5.000,5.000
HALLAMRD1,Hallam Road Renewable Energy Facility,VIC1,biomass,8.984,9.000
AWABAREF,Awaba Power Station,NSW1,biomass,1.123,1.000
REMOUNT,Remount Power Station,TAS1,biomass,2.000,2.000
None,Berwick Power Plant,VIC1,biomass,7.200,7.000
BROADMDW,Broadmeadows Landfill Gas Power Station,VIC1,biomass,5.000,5.000
BROOKLYN,Brooklyn LFG U1-3,VIC1,biomass,2.830,3.000
BROOKLYN,Brooklyn LFG U1-3,VIC1,biomass,,
BROOKLYN,Brooklyn LFG U1-3,VIC1,biomass,,
BPLANDF1,Browns Plains Landfill Gas PS,QLD1,biomass,2.000,2.000
CLAYTON,Clayton Landfill Gas Power Station,VIC1,biomass,11.000,11.000
CORIO1,Corio Landfill Gas Power Station,VIC1,biomass,1.000,1.000
EASTCRK2,Eastern Creek 2 Gas Utilisation Facility,NSW1,biomass,6.738,6.738
EASTCRK,Eastern Creek LFG PS Units 1-4,NSW1,biomass,5.056,5.000
GRANGEAV,Grange Avenue Landfill Gas Power Station,NSW1,biomass,2.000,2.000
HALAMRD1,Hallam Road Renewable Energy Facility,VIC1,biomass,8.984,9.000
LUCASHGT,Lucas Heights 2 Power Station,NSW1,biomass,12.650,13.000
None,Melbourne Regional Landfill,VIC1,biomass,8.880,8.880
SVALE1,Springvale Landfill Gas Power Station,VIC1,biomass,4.200,5.000
STAPYLTON1,Stapylton Renewable Energy Facility,QLD1,biomass,2.140,2.000
STAPYLTON1,Stapylton Renewable Energy Facility,QLD1,biomass,0.765,
STAPYLTON1,Stapylton Renewable Energy Facility,QLD1,biomass,0.460,
WINGF1_1,Wingfield 1 Landfill Gas Power Station,SA1,biomass,4.120,5.000
WINGF2_1,Wingfield 2 Landfill Gas Power Station,SA1,biomass,4.120,5.000
WOLLERT1,Wollert Renewable Energy Facility,VIC1,biomass,7.000,7.000
WOYWOY1,Woy Woy Landfill Site,NSW1,biomass,1.064,1.000
SHEP1,Shepparton Wastewater Treatment Facility,VIC1,biomass,1.100,1.000
TATURA01,Tatura Biomass Generator,VIC1,biomass,1.100,1.000
CPP_3,Callide C Nett Off,QLD1,black_coal,466.000,466.000
CPP_4,Callide C Nett Off,QLD1,black_coal,420.000,420.000
KPP_1,Kogan Creek Power Station,QLD1,black_coal,744.000,781.000
MPP_1,Millmerran Power Plant,QLD1,black_coal,426.000,435.000
MPP_2,Millmerran Power Plant,QLD1,black_coal,426.000,435.000
TNPS1,Tarong North Power Station,QLD1,black_coal,443.000,480.000
MM3,Munmorah Power Station,NSW1,black_coal,300.000,310.000
MM4,Munmorah Power Station,NSW1,black_coal,300.000,310.000
WW7,"Wallerawang ""C"" Power Station",NSW1,black_coal,500.000,500.000
WW8,"Wallerawang ""C"" Power Station",NSW1,black_coal,500.000,500.000
BW01,Bayswater Power Station,NSW1,black_coal,660.000,700.000
BW02,Bayswater Power Station,NSW1,black_coal,660.000,700.000
BW03,Bayswater Power Station,NSW1,black_coal,660.000,700.000
BW04,Bayswater Power Station,NSW1,black_coal,660.000,700.000
None,Callide Power Station,QLD1,black_coal,30.000,30.000
CALL_A_4,Callide Power Station,QLD1,black_coal,30.000,30.000
CALL_B_1,Callide Power Station,QLD1,black_coal,350.000,385.000
CALL_B_2,Callide Power Station,QLD1,black_coal,350.000,385.000
ER01,Eraring Power Station,NSW1,black_coal,720.000,750.000
ER02,Eraring Power Station,NSW1,black_coal,720.000,750.000
ER03,Eraring Power Station,NSW1,black_coal,720.000,750.000
ER04,Eraring Power Station,NSW1,black_coal,720.000,750.000
GSTONE1,Gladstone Power Station,QLD1,black_coal,280.000,285.000
GSTONE2,Gladstone Power Station,QLD1,black_coal,280.000,285.000
GSTONE3,Gladstone Power Station,QLD1,black_coal,280.000,285.000
GSTONE4,Gladstone Power Station,QLD1,black_coal,280.000,285.000
GSTONE5,Gladstone Power Station,QLD1,black_coal,280.000,285.000
GSTONE6,Gladstone Power Station,QLD1,black_coal,280.000,285.000
LD01,Liddell Power Station,NSW1,black_coal,500.000,550.000
LD02,Liddell Power Station,NSW1,black_coal,500.000,550.000
LD03,Liddell Power Station,NSW1,black_coal,500.000,550.000
LD04,Liddell Power Station,NSW1,black_coal,500.000,550.000
MP1,Mt Piper Power Station,NSW1,black_coal,700.000,700.000
MP2,Mt Piper Power Station,NSW1,black_coal,700.000,700.000
STAN-1,Stanwell Power Station,QLD1,black_coal,365.000,385.000
STAN-2,Stanwell Power Station,QLD1,black_coal,365.000,385.000
STAN-3,Stanwell Power Station,QLD1,black_coal,365.000,385.000
STAN-4,Stanwell Power Station,QLD1,black_coal,365.000,385.000
TARONG#1,Tarong Power Station,QLD1,black_coal,350.000,385.000
TARONG#2,Tarong Power Station,QLD1,black_coal,350.000,385.000
TARONG#3,Tarong Power Station,QLD1,black_coal,350.000,385.000
TARONG#4,Tarong Power Station,QLD1,black_coal,350.000,385.000
VP5,"Vales Point ""B"" Power Station",NSW1,black_coal,660.000,680.000
VP6,"Vales Point ""B"" Power Station",NSW1,black_coal,660.000,680.000
REDBANK1,Redbank Power Station,NSW1,black_coal,150.000,151.000
APS,Anglesea Power Station,VIC1,brown_coal,165.000,165.000
MOR1,Energy Brix Complex Power Station,VIC1,brown_coal,90.000,90.000
MOR1,Energy Brix Complex Power Station,VIC1,brown_coal,,
MOR2,Energy Brix Complex Power Station,VIC1,brown_coal,30.000,30.000
MOR3,Energy Brix Complex Power Station,VIC1,brown_coal,75.000,75.000
NPS1,Northern Power Station,SA1,brown_coal,265.000,273.000
NPS2,Northern Power Station,SA1,brown_coal,265.000,273.000
PLAYB-AG,Playford B Power Station,SA1,brown_coal,240.000,252.000
HWPS1,Hazelwood Power Station,VIC1,brown_coal,200.000,220.000
HWPS2,Hazelwood Power Station,VIC1,brown_coal,200.000,220.000
HWPS3,Hazelwood Power Station,VIC1,brown_coal,200.000,220.000
HWPS4,Hazelwood Power Station,VIC1,brown_coal,200.000,220.000
HWPS5,Hazelwood Power Station,VIC1,brown_coal,200.000,220.000
HWPS6,Hazelwood Power Station,VIC1,brown_coal,200.000,220.000
HWPS7,Hazelwood Power Station,VIC1,brown_coal,200.000,220.000
HWPS8,Hazelwood Power Station,VIC1,brown_coal,200.000,220.000
LYA1,Loy Yang A Power Station,VIC1,brown_coal,560.000,590.000
LYA2,Loy Yang A Power Station,VIC1,brown_coal,530.000,535.000
LYA3,Loy Yang A Power Station,VIC1,brown_coal,560.000,590.000
LYA4,Loy Yang A Power Station,VIC1,brown_coal,560.000,580.000
LOYYB1,Loy Yang B Power Station,VIC1,brown_coal,500.000,600.000
LOYYB2,Loy Yang B Power Station,VIC1,brown_coal,500.000,600.000
YWPS1,Yallourn 'W' Power Station,VIC1,brown_coal,360.000,395.000
YWPS2,Yallourn 'W' Power Station,VIC1,brown_coal,360.000,395.000
YWPS3,Yallourn 'W' Power Station,VIC1,brown_coal,380.000,405.000
YWPS4,Yallourn 'W' Power Station,VIC1,brown_coal,380.000,405.000
GB01,Broken Hill Gas Turbines,NSW1,distillate,50.000,50.000
ERGT01,Eraring Power Station,NSW1,distillate,41.500,56.000
MACKAYGT,Mackay Gas Turbine,QLD1,distillate,30.000,34.000
POR01,Port Lincoln Gas Turbine,SA1,distillate,50.000,55.000
POR03,Port Lincoln Gas Turbine,SA1,distillate,23.500,23.000
SNUG1,Snuggery Power Station,SA1,distillate,63.000,69.000
SATGN1,Temporary Generation North,SA1,distillate,154.000,154.000
SATGS1,Temporary Generation South,SA1,distillate,123.200,123.000
HVGTS,Hunter Valley Gas Turbine,NSW1,distillate,50.000,50.000
MSTUART1,Mt Stuart Power Station,QLD1,distillate,144.000,152.000
MSTUART2,Mt Stuart Power Station,QLD1,distillate,144.000,152.000
MSTUART3,Mt Stuart Power Station,QLD1,distillate,131.000,139.000
AMCORGR,"Amcor Glass, Gawler Plant",SA1,distillate,4.000,4.000
STANV1,Port Stanvac Power Station 1,SA1,distillate,28.800,32.000
STANV2,Port Stanvac Power Station 2,SA1,distillate,28.800,32.000
ANGAS1,Angaston Power Station,SA1,distillate,30.000,30.000
ANGAS2,Angaston Power Station,SA1,distillate,20.000,20.000
CATAGUN1,Catagunya Diesel Generation ,TAS1,distillate,24.000,24.000
GEORGTN1,George Town Diesel Generation,TAS1,distillate,30.000,30.000
MEADOWB2,Meadowbank Diesel Generation,TAS1,distillate,24.000,24.000
PORTLAT1,Port Latta Diesel Generation,TAS1,distillate,23.000,23.000
QUERIVE1,Que River Diesel Generator,TAS1,distillate,48.000,48.000
BBDISEL1,Bell Bay Diesel Generator,TAS1,distillate,75.000,75.000
STGEORG1,St George Leagues Club Plant,NSW1,distillate,1.000,1.000
BANKSPT1,Bankstown Sports Club Plant Units,NSW1,distillate,2.000,2.000
BANKSPT1,Bankstown Sports Club Plant Units,NSW1,distillate,,
BLULAKE1,Blue Lake Milling Power Plant,SA1,distillate,0.500,1.000
STHBKTEC,Southbank Institute Of Technology Unit 1 Plant,QLD1,distillate,1.000,1.000
ANGAST1,Angaston Power Station,SA1,distillate,50.000,50.000
BBASEHOS,Ballarat Base Hospital Plant,VIC1,distillate,,
LONSDALE,Lonsdale Power Station,SA1,distillate,20.000,21.000
NINEWIL1,Nine Network Willoughby Plant,NSW1,distillate,3.200,2.000
PTSTAN1,Pt Stanvac Power Station,SA1,distillate,57.600,65.000
TATIARA1,Tataria Bordertown Plant,SA1,distillate,0.500,1.000
WESTILL1,West Illawarra Leagues Club Plant,NSW1,distillate,1.000,1.000
WESTILL1,West Illawarra Leagues Club Plant,NSW1,distillate,,
WESTCBT1,Western Suburbs League Club (Campbelltown) Plant,NSW1,distillate,1.000,1.000
BRAEMAR5,Braemar 2 Power Station,QLD1,gas_ocgt,173.000,173.000
BRAEMAR6,Braemar 2 Power Station,QLD1,gas_ocgt,173.000,173.000
BRAEMAR7,Braemar 2 Power Station,QLD1,gas_ocgt,173.000,173.000
BRAEMAR1,Braemar Power Station,QLD1,gas_ocgt,168.000,173.000
BRAEMAR2,Braemar Power Station,QLD1,gas_ocgt,168.000,188.000
BRAEMAR3,Braemar Power Station,QLD1,gas_ocgt,168.000,188.000
LAVNORTH,Laverton North Power Station,VIC1,gas_ocgt,312.000,346.000
VPGS,Valley Power Peaking Facility,VIC1,gas_ocgt,300.000,390.000
LONGFORD,Longford Plant,VIC1,gas_ocgt,44.000,44.800
LONGFORD,Longford Plant,VIC1,gas_ocgt,,
LONGFORD,Longford Plant,VIC1,gas_ocgt,,
LONGFORD,Longford Plant,VIC1,gas_ocgt,,
LONGFORD,Longford Plant,VIC1,gas_ocgt,,
BDL01,Bairnsdale Power Station,VIC1,gas_ocgt,47.000,47.000
BDL02,Bairnsdale Power Station,VIC1,gas_ocgt,47.000,47.000
BBTHREE1,Bell Bay Three Power Station,TAS1,gas_ocgt,35.000,49.000
BBTHREE2,Bell Bay Three Power Station,TAS1,gas_ocgt,35.000,49.000
BBTHREE3,Bell Bay Three Power Station,TAS1,gas_ocgt,35.000,49.000
TVPP104,Bell Bay Three Power Station,TAS1,gas_ocgt,58.000,58.000
CG1,Colongra Power Station,NSW1,gas_ocgt,181.000,181.000
CG2,Colongra Power Station,NSW1,gas_ocgt,181.000,181.000
CG3,Colongra Power Station,NSW1,gas_ocgt,181.000,181.000
CG4,Colongra Power Station,NSW1,gas_ocgt,181.000,181.000
DRYCGT1,Dry Creek Gas Turbine Station,SA1,gas_ocgt,52.000,57.000
DRYCGT2,Dry Creek Gas Turbine Station,SA1,gas_ocgt,52.000,57.000
DRYCGT3,Dry Creek Gas Turbine Station,SA1,gas_ocgt,52.000,57.000
JLA01,"Jeeralang ""A"" Power Station",VIC1,gas_ocgt,51.000,65.000
JLA02,"Jeeralang ""A"" Power Station",VIC1,gas_ocgt,51.000,65.000
JLA03,"Jeeralang ""A"" Power Station",VIC1,gas_ocgt,51.000,65.000
JLA04,"Jeeralang ""A"" Power Station",VIC1,gas_ocgt,51.000,65.000
JLB01,"Jeeralang ""B"" Power Station",VIC1,gas_ocgt,76.000,100.000
JLB02,"Jeeralang ""B"" Power Station",VIC1,gas_ocgt,76.000,100.000
JLB03,"Jeeralang ""B"" Power Station",VIC1,gas_ocgt,76.000,100.000
LADBROK1,Ladbroke Grove Power Station,SA1,gas_ocgt,40.000,50.000
LADBROK2,Ladbroke Grove Power Station,SA1,gas_ocgt,40.000,50.000
LNGS1,Laverton North Power Station,VIC1,gas_ocgt,156.000,172.000
LNGS2,Laverton North Power Station,VIC1,gas_ocgt,156.000,172.000
MINTARO,Mintaro Gas Turbine Station,SA1,gas_ocgt,90.000,105.000
MORTLK11,Mortlake Power Station,VIC1,gas_ocgt,283.000,292.000
MORTLK12,Mortlake Power Station,VIC1,gas_ocgt,283.000,292.000
OAKEY1,Oakey Power Station,QLD1,gas_ocgt,141.000,173.000
OAKEY2,Oakey Power Station,QLD1,gas_ocgt,141.000,173.000
QPS1,Quarantine Power Station,SA1,gas_ocgt,29.000,29.500
QPS2,Quarantine Power Station,SA1,gas_ocgt,24.000,25.000
QPS3,Quarantine Power Station,SA1,gas_ocgt,24.000,25.000
QPS4,Quarantine Power Station,SA1,gas_ocgt,24.000,25.000
QPS5,Quarantine Power Station,SA1,gas_ocgt,128.000,128.000
ROMA_7,Roma Gas Turbine Station,QLD1,gas_ocgt,40.000,42.000
ROMA_8,Roma Gas Turbine Station,QLD1,gas_ocgt,40.000,42.000
AGLSOM,Somerton Power Station,VIC1,gas_ocgt,170.000,170.000
URANQ11,Uranquinty Power Station,NSW1,gas_ocgt,166.000,166.000
URANQ12,Uranquinty Power Station,NSW1,gas_ocgt,166.000,166.000
URANQ13,Uranquinty Power Station,NSW1,gas_ocgt,166.000,166.000
URANQ14,Uranquinty Power Station,NSW1,gas_ocgt,166.000,166.000
VPGS1,Valley Power Peaking Facility,VIC1,gas_ocgt,50.000,60.000
VPGS2,Valley Power Peaking Facility,VIC1,gas_ocgt,50.000,60.000
VPGS3,Valley Power Peaking Facility,VIC1,gas_ocgt,50.000,60.000
VPGS4,Valley Power Peaking Facility,VIC1,gas_ocgt,50.000,60.000
VPGS5,Valley Power Peaking Facility,VIC1,gas_ocgt,50.000,60.000
VPGS6,Valley Power Peaking Facility,VIC1,gas_ocgt,50.000,60.000
AGLHAL,Hallett Power Station,SA1,gas_ocgt,217.000,255.000
AGLHAL,Hallett Power Station,SA1,gas_ocgt,,
AGLHAL,Hallett Power Station,SA1,gas_ocgt,,
AGLHAL,Hallett Power Station,SA1,gas_ocgt,,
AGLHAL,Hallett Power Station,SA1,gas_ocgt,,
AGLHAL,Hallett Power Station,SA1,gas_ocgt,,
AGLHAL,Hallett Power Station,SA1,gas_ocgt,,
AGLHAL,Hallett Power Station,SA1,gas_ocgt,,
AGLHAL,Hallett Power Station,SA1,gas_ocgt,,
AGLHAL,Hallett Power Station,SA1,gas_ocgt,,
AGLHAL,Hallett Power Station,SA1,gas_ocgt,,
AGLHAL,Hallett Power Station,SA1,gas_ocgt,,
BARCALDN,Barcaldine Power Station,QLD1,gas_ccgt,37.000,37.000
CPSA,Condamine Power Station A,QLD1,gas_ccgt,143.000,144.000
CPSA,Condamine Power Station A,QLD1,gas_ccgt,,
DDPS1,Darling Downs Power Station,QLD1,gas_ccgt,280.000,280.000
DDPS1,Darling Downs Power Station,QLD1,gas_ccgt,363.000,381.000
OSB-AG,Osborne Power Station,SA1,gas_ccgt,180.000,204.000
OSB-AG,Osborne Power Station,SA1,gas_ccgt,,
PPCCGT,Pelican Point Power Station,SA1,gas_ccgt,478.000,529.000
PPCCGT,Pelican Point Power Station,SA1,gas_ccgt,,
SITHE01,Smithfield Energy Facility,NSW1,gas_ccgt,185.000,185.000
SITHE04,Smithfield Energy Facility,NSW1,gas_ccgt,,
SWAN_E,Swanbank B Power Station & Swanbank E Gas Turbine,QLD1,gas_ccgt,385.000,385.000
TALWA1,Tallawarra Power Station,NSW1,gas_ccgt,440.000,440.000
TVCC201,Tamar Valley Combined Cycle Power Station,TAS1,gas_ccgt,208.600,208.000
TVCC201,Tamar Valley Combined Cycle Power Station,TAS1,gas_ccgt,,
YABULU,Townsville Gas Turbine,QLD1,gas_ccgt,160.000,174.000
YABULU2,Townsville Gas Turbine,QLD1,gas_ccgt,82.000,84.000
YARWUN_1,Yarwun Power Station,QLD1,gas_ccgt,154.000,180.000
NPS,Newport Power Station,VIC1,gas_steam,500.000,510.000
TORRA2,Torrens Island Power Station,SA1,gas_steam,120.000,120.000
TORRA4,Torrens Island Power Station,SA1,gas_steam,120.000,120.000
TORRA1,Torrens Island Power Station,SA1,gas_steam,120.000,120.000
TORRA3,Torrens Island Power Station,SA1,gas_steam,120.000,120.000
TORRB1,Torrens Island Power Station,SA1,gas_steam,200.000,210.000
TORRB2,Torrens Island Power Station,SA1,gas_steam,200.000,210.000
TORRB3,Torrens Island Power Station,SA1,gas_steam,200.000,210.000
TORRB4,Torrens Island Power Station,SA1,gas_steam,200.000,210.000
DAANDINE,Daandine Power Station,QLD1,gas_recip,33.000,30.000
MORANBAH,Moranbah Generation Project,QLD1,gas_recip,12.560,13.000
OAKYCREK,Oaky Creek Power Station,QLD1,gas_recip,20.000,20.000
OAKYCREK,Oaky Creek Power Station,QLD1,gas_recip,,
WILGB01,Wilga Park B,NSW1,gas_recip,6.000,6.000
WILGB01,Wilga Park B,NSW1,gas_recip,6.000,6.000
WILGAPK,Wilga Park Power Station,NSW1,gas_recip,10.000,10.000
WILGAPK,Wilga Park Power Station,NSW1,gas_recip,,
BBASEHOS,Ballarat Base Hospital Plant,VIC1,gas_recip,3.000,3.000
BARKIPS1,Barker Inlet Power Station,SA1,gas_recip,211.000,210.000
TGNSS1,Traralgon Network Support Station,VIC1,gas_recip,10.000,10.000
GLENNCRK,Glennies Creek Power Station,NSW1,gas_recip,12.780,12.000
TERALBA,Teralba Power Station,NSW1,gas_recip,3.000,3.000
APPIN,Appin Power Plant,NSW1,gas_recip,55.600,55.000
GERMCRK,German Creek Power Station,QLD1,gas_recip,44.976,45.000
GERMCRK,German Creek Power Station,QLD1,gas_recip,,
GROSV1,Grosvenor 1 Waste Coal Mine Gas Power Station,QLD1,gas_recip,21.287,21.000
GROSV2,Grosvenor 2,QLD1,gas_recip,15.205,15.000
MBAHNTH,Moranbah North Waste Coal Mine Gas Power Station,QLD1,gas_recip,63.420,63.000
OAKY2,Oaky Creek 2,QLD1,gas_recip,15.000,15.000
TAHMOOR1,Tahmoor Waste Coal Mine Gas Power Station,NSW1,gas_recip,7.042,7.000
TOWER,Tower Power Plant,NSW1,gas_recip,41.200,41.000
CSPVPS,Collinsville Solar PV Power Station,QLD1,solar,42.000,40.000
CSPVPS1,Collinsville Solar PV Power Station,QLD1,solar,42.000,40.000
DDSF1,"Darling Downs Solar Farm, Units 1-44",QLD1,solar,121.000,108.000
TBSF1,"Tailem Bend Solar Project 1, Units 1-54",SA1,solar,108.000,95.000
WARWSF1,Warwick Solar Farm 1,QLD1,solar,39.000,32.000
WARWSF2,Warwick Solar Farm 2,QLD1,solar,39.000,32.000
WRSF1,White Rock Wind and Solar Farm,NSW1,solar,22.000,20.000
GLRWNSF1,Glenrowan West Solar Farm,VIC1,solar,132.000,110.000
GOONSF1,Goonumbla Solar Farm,NSW1,solar,85.000,69.000
KIAMSF1,Kiamal Solar Farm,VIC1,solar,239.000,200.000
LIMOSF11,Limondale Solar Farm 1,NSW1,solar,275.000,220.000
LIMOSF21,Limondale Solar Farm 2,NSW1,solar,38.000,29.000
WELLSF1,Wellington Solar Farm,NSW1,solar,216.000,170.000
WEMENSF1,"Wemen Solar Farm, Units 1-39",VIC1,solar,97.500,88.000
WHITSF1,Whitsunday Solar Farm,QLD1,solar,57.500,56.000
BROKENH1,Broken Hill Solar Plant,NSW1,solar,53.760,53.000
CESF1,Capital East Solar Farm,NSW1,solar,0.205,1.000
CESF1,Capital East Solar Farm,NSW1,solar,,
CESF1,Capital East Solar Farm,NSW1,solar,,
GULLRSF1,Gullen Range Solar Farm,NSW1,solar,10.000,10.000
KARSF1,Karadoc Solar Farm,VIC1,solar,104.000,90.000
KSP1,Kidston Solar Project,QLD1,solar,50.000,47.700
MANSLR1,Manildra solar Farm,NSW1,solar,50.000,46.000
MANSLR1,Manildra solar Farm,NSW1,solar,,
NYNGAN1,Nyngan Solar Plant,NSW1,solar,102.141,102.000
PARSF1,Parkes Solar Farm,NSW1,solar,55.000,50.500
ROYALLA1,Royalla Solar Farm,NSW1,solar,20.000,20.000
SMCSF1,Sun Metals Solar Farm,QLD1,solar,118.000,101.000
SMCSF1,Sun Metals Solar Farm,QLD1,solar,6.000,6.000
SUNRSF1,Sunraysia Solar Farm,NSW1,solar,228.000,200.000
SRSF1,Susan River Solar Farm,QLD1,solar,85.260,75.000
VALDORA1,Valdora Solar Farm,QLD1,solar,15.000,15.000
BAKING1,Baking Board Solar Farm,QLD1,solar,17.000,14.000
BANN1,Bannerton Solar Park,VIC1,solar,100.000,88.000
BARCSF1,Barcaldine Solar Farm,QLD1,solar,20.000,20.000
BERYLSF1,"Beryl Solar Farm, Units 1-60",NSW1,solar,98.000,87.000
BOMENSF1,Bomen Solar Farm,NSW1,solar,121.000,100.000
BNGSF1,Bungala One Solar Farm,SA1,solar,135.000,110.000
BNGSF2,Bungala Two Solar Farm,SA1,solar,135.000,110.000
CHILDSF1,Childers Solar Farm,QLD1,solar,64.380,56.000
CLARESF1,Clare Solar Farm,QLD1,solar,110.262,100.000
CLERMSF1,Clermont Solar Farm,QLD1,solar,92.500,75.000
COHUNA,Cohuna Solar Farm,VIC1,solar,31.000,27.000
COLEASF1,Coleambally Solar Farm,NSW1,solar,180.000,150.000
DARLSF1,"Darlington Point Solar Farm, Units 1-108",NSW1,solar,324.000,275.000
DAYDSF1,Daydream Solar Farm,QLD1,solar,79.750,71.340
DAYDSF2,Daydream Solar Farm,QLD1,solar,88.000,78.720
EMERASF1,Emerald Solar Park,QLD1,solar,88.000,72.000
GANNSF1,Gannawarra Solar Farm,VIC1,solar,55.000,50.000
GRIFSF1,Griffith Solar Farm,NSW1,solar,27.200,27.000
HAMISF1,Hamilton Solar Farm,QLD1,solar,57.500,56.000
HAUGHT11,Haughton Solar Farm Stage 1,QLD1,solar,132.000,100.000
HAYMSF1,Hayman Solar Farm,QLD1,solar,57.750,50.000
HUGSF1,Hughenden Solar Farm,QLD1,solar,20.970,18.000
JEMALNG1,Jemalong Solar Project,NSW1,solar,55.000,50.000
LRSF1,Longreach Solar Farm,QLD1,solar,17.000,14.000
MARYRSF1,Maryrorough Solar Farm,QLD1,solar,33.000,27.000
MIDDLSF1,Middlemount Solar Farm,QLD1,solar,30.000,26.000
MOLNGSF1,Molong Solar Farm,NSW1,solar,36.000,30.000
MOREESF1,Moree Solar Farm,NSW1,solar,57.064,56.000
MWPS3PV1,"Morgan-Whyalla Pipeline Pumping Station No 3, PV Units 1-3",SA1,solar,7.000,6.000
MWPS4PV1,"Morgan-Whyalla Pipeline Pumping Station No 4, PV Units 1-2",SA1,solar,5.000,4.000
MLSP1,Mugga Lane Solar Park,NSW1,solar,12.000,12.000
NASF1,Narromine Solar Farm,NSW1,solar,10.000,9.000
NEVERSF1,Nevertire Solar Farm,NSW1,solar,132.000,105.000
NUMURSF1,Numurkah Solar Farm,VIC1,solar,74.000,100.000
NUMURSF2,Numurkah Solar Farm,VIC1,solar,38.000,100.000
OAKEY1SF,Oakey 1 Solar Farm,QLD1,solar,30.000,25.000
OAKEY2SF,Oakey 2 Solar Farm,QLD1,solar,65.000,55.000
RRSF1,"Ross River Solar Farm, Units 1-64",QLD1,solar,128.000,116.000
RUGBYR1,Rugby Run Solar Farm,QLD1,solar,83.000,65.000
SKSF1,South Keswick Solar Farm,NSW1,solar,15.000,13.000
YARANSF1,Yarranlea Solar Farm,QLD1,solar,121.000,103.000
YATSF1,Yatpool Solar Farm,VIC1,solar,94.000,81.000
FINLYSF1,Finley Solar Farm,NSW1,solar,162.360,133.000
TERMSTOR,Terminal Storage Mini Hydro Power Station,SA1,hydro,2.500,2.000
BAPS,Banimboola Power Station,VIC1,hydro,12.850,13.000
BAPS,Banimboola Power Station,VIC1,hydro,,
BASTYAN,Bastyan Power Station,TAS1,hydro,79.900,88.000
BLOWERNG,Blowering Power Station,NSW1,hydro,80.000,80.000
MCKAY1,Bogong / Mackay Power Station,VIC1,hydro,,
MCKAY1,Bogong / Mackay Power Station,VIC1,hydro,300.000,300.000
BROWNMT,Brown Mountain Hydro Power Station,NSW1,hydro,5.000,6.000
BROWNMT,Brown Mountain Hydro Power Station,NSW1,hydro,,
BROWNMT,Brown Mountain Hydro Power Station,NSW1,hydro,,
BROWNMT,Brown Mountain Hydro Power Station,NSW1,hydro,,
BDONGHYD,Burrendong Hydro Power Station,NSW1,hydro,19.000,19.000
BURRIN,Burrinjuck Hydro Power Station,NSW1,hydro,27.000,28.000
BURRIN,Burrinjuck Hydro Power Station,NSW1,hydro,,
BUTLERSG,Butlers Gorge Power Station,TAS1,hydro,14.400,15.000
LI_WY_CA,Catagunya / Liapootah / Wayatinah Power Station,TAS1,hydro,173.700,190.000
LI_WY_CA,Catagunya / Liapootah / Wayatinah Power Station,TAS1,hydro,,
LI_WY_CA,Catagunya / Liapootah / Wayatinah Power Station,TAS1,hydro,,
LI_WY_CA,Catagunya / Liapootah / Wayatinah Power Station,TAS1,hydro,,
LI_WY_CA,Catagunya / Liapootah / Wayatinah Power Station,TAS1,hydro,,
CETHANA,Cethana Power Station,TAS1,hydro,85.000,100.000
CLOVER,Clover Power Station,VIC1,hydro,29.000,29.000
CLUNY,Cluny Power Station,TAS1,hydro,19.000,22.000
COPTNHYD,Copeton Hydro Power Station,NSW1,hydro,22.500,23.000
DARTM1,Dartmouth Power Station,VIC1,hydro,185.000,185.000
DEVILS_G,Devils Gate Power Station,TAS1,hydro,60.000,67.000
EILDON1,Eildon Power Station,VIC1,hydro,60.000,60.000
EILDON1,Eildon Power Station,VIC1,hydro,,
EILDON2,Eildon Power Station,VIC1,hydro,60.000,60.000
EILDON2,Eildon Power Station,VIC1,hydro,,
FISHER,Fisher Power Station,TAS1,hydro,43.200,46.000
GLBWNHYD,Glenbawn Hydro Power Station,NSW1,hydro,5.500,6.000
GORDON,Gordon Power Station,TAS1,hydro,432.000,450.000
GUTHEGA,Guthega Power Station,NSW1,hydro,60.000,80.000
HUMENSW,Hume (NSW) Hydro Power Station,NSW1,hydro,29.000,70.000
HUMEV,Hume (Vic) Hydro Power Station,VIC1,hydro,29.000,70.000
JNDABNE1,Jindabyne Small Hydro Power Station,NSW1,hydro,1.100,1.000
JBUTTERS,John Butters Power Station,TAS1,hydro,144.000,144.000
JOUNAMA1,Jounama Small Hydro Power Station,NSW1,hydro,14.000,14.000
KEEPIT,Keepit Hydro Power Station,NSW1,hydro,6.000,8.000
LK_ECHO,Lake Echo Power Station,TAS1,hydro,32.400,34.000
LEM_WIL,Lemonthyme / Wilmot Power Station,TAS1,hydro,81.600,86.000
LEM_WIL,Lemonthyme / Wilmot Power Station,TAS1,hydro,,
MACKNTSH,Mackintosh Power Station,TAS1,hydro,79.900,89.000
MEADOWBK,Meadowbank Power Station,TAS1,hydro,40.000,44.000
None,Midlands Power Station,TAS1,hydro,6.078,7.000
MURRAY,Murray Power Station,VIC1,hydro,1500.000,1575.000
MURRAY,Murray Power Station,VIC1,hydro,,
PALOONA,Paloona Power Station,TAS1,hydro,28.000,33.000
PINDARI,Pindari Hydro Power Station,NSW1,hydro,6.700,6.000
POAT110,Poatina Power Station,TAS1,hydro,100.000,124.000
POAT220,Poatina Power Station,TAS1,hydro,200.000,248.000
REECE1,Reece Power Station,TAS1,hydro,115.600,119.000
REECE2,Reece Power Station,TAS1,hydro,115.600,119.000
REPULSE,Repulse Power Station,TAS1,hydro,28.000,34.000
ROWALLAN,Rowallan Power Station,TAS1,hydro,10.500,11.000
RUBICON,Rubicon Mountain Streams Station,VIC1,hydro,2.700,2.700
RUBICON,Rubicon Mountain Streams Station,VIC1,hydro,0.300,0.300
RUBICON,Rubicon Mountain Streams Station,VIC1,hydro,9.400,9.400
RUBICON,Rubicon Mountain Streams Station,VIC1,hydro,0.800,0.800
SHGEN,Shoalhaven Power Station (Bendeela And Kangaroo Valley Power Station And Pumps),NSW1,hydro,240.000,240.000
SHGEN,Shoalhaven Power Station (Bendeela And Kangaroo Valley Power Station And Pumps),NSW1,hydro,,
HLMSEW01,South East Water - Halllam Hydro Plant,VIC1,hydro,0.250,1.000
TARRALEA,Tarraleah Power Station,TAS1,hydro,90.000,94.000
TREVALLN,Trevallyn Power Station,TAS1,hydro,93.000,103.000
TREVALLN,Trevallyn Power Station,TAS1,hydro,,
TRIBUTE,Tribute Power Station,TAS1,hydro,82.800,92.000
TUMUT3,Tumut 3 Power Station,NSW1,hydro,1500.000,1800.000
UPPTUMUT,Tumut Power Station,NSW1,hydro,616.000,665.000
UPPTUMUT,Tumut Power Station,NSW1,hydro,,
TUNGATIN,Tungatinah Power Station,TAS1,hydro,125.000,142.000
WKIEWA1,West Kiewa Power Station,VIC1,hydro,31.000,34.000
WKIEWA2,West Kiewa Power Station,VIC1,hydro,31.000,34.000
WYANGALA,Wyangala A Power Station,NSW1,hydro,20.000,20.000
WYANGALB,Wyangala B Power Station,NSW1,hydro,4.000,4.000
YWNGAHYD,Yarrawonga Hydro Power Station,VIC1,hydro,9.000,9.000
BARRON-1,Barron Gorge Power Station,QLD1,hydro,30.000,33.000
BARRON-2,Barron Gorge Power Station,QLD1,hydro,30.000,33.000
EILDON3,Eildon Power Station,VIC1,hydro,4.500,5.000
GLENMAG1,Glenmaggie Hydro Power Station,VIC1,hydro,3.800,4.000
KAREEYA1,Kareeya Power Station,QLD1,hydro,21.000,22.000
KAREEYA2,Kareeya Power Station,QLD1,hydro,21.000,22.000
KAREEYA3,Kareeya Power Station,QLD1,hydro,21.000,22.000
KAREEYA4,Kareeya Power Station,QLD1,hydro,21.000,22.000
KAREEYA5,Kareeya Power Station,QLD1,hydro,7.000,7.000
THEDROP1,The Drop Power Station,NSW1,hydro,2.500,3.000
WILLHOV1,William Hovell Power Station,VIC1,hydro,1.500,2.000
WIVENSH,Wivenhoe Small Hydro,QLD1,hydro,4.700,5.000
MIDLDPS1,Midlands Power Station,TAS1,hydro,6.000,7.000
W/HOE#1,Wivenhoe Power Station,QLD1,hydro,285.000,285.000
W/HOE#2,Wivenhoe Power Station,QLD1,hydro,285.000,285.000
PORTWF,Portland Wind Farm,VIC1,wind,148.000,148.000
ARWF1,Ararat Wind Farm,VIC1,wind,241.590,241.000
ARWF1,Ararat Wind Farm,VIC1,wind,,
ARWF1,Ararat Wind Farm,VIC1,wind,,
BALDHWF1,Bald Hills Wind Farm,VIC1,wind,106.600,106.000
BANGOWF1,Bango Wind Farm,NSW1,wind,159.000,155.000
BOCORWF1,Boco Rock Wind Farm,NSW1,wind,113.180,113.000
BOCORWF1,Boco Rock Wind Farm,NSW1,wind,,
BODWF1,Bodangora Wind Farm,NSW1,wind,113.190,111.000
BULGANA1,Bulgana Green Power Hub - Units 1-50,VIC1,wind,182.000,100.000
CNUNDAWF,Canunda Wind Farm,SA1,wind,46.000,46.000
CAPTL_WF,Capital Wind Farm,NSW1,wind,140.000,140.000
CATHROCK,Cathedral Rocks,SA1,wind,66.000,66.000
CTHLWF1,Cattle Hill Wind Farm,TAS1,wind,148.000,144.000
CHALLHWF,Challicum Hills Wind Farm,VIC1,wind,52.500,52.000
CHPSTWF1,Chepstowe Wind Farm,VIC1,wind,6.150,6.000
CHYTWF1,Cherry Tree Wind Farm,VIC1,wind,57.600,57.000
CLEMGPWF,Clements Gap Wind Farm,SA1,wind,57.000,57.000
CODRNGTON,Codrington Wind Farm,VIC1,wind,18.200,18.000
COLWF01,Collector Wind Farm 1,NSW1,wind,113.000,110.000
CBWF1,Coonooer Bridge Wind Farm,VIC1,wind,19.800,20.000
COOPGWF1,Coopers Gap Wind Farm,QLD1,wind,174.000,169.000
COOPGWF1,Coopers Gap Wind Farm,QLD1,wind,53.000,52.000
COOPGWF1,Coopers Gap Wind Farm,QLD1,wind,156.000,152.000
COOPGWF1,Coopers Gap Wind Farm,QLD1,wind,69.000,67.000
CROOKWF2,Crookwell 2 Wind Farm,NSW1,wind,96.040,91.000
CROWLWF1,Crowlands Wind Farm,VIC1,wind,79.950,79.000
CRURWF1,Crudine Ridge Wind Farm,NSW1,wind,141.000,138.000
CULLRGWF,Cullerin Range Wind Farm,NSW1,wind,30.000,30.000
DUNDWF1,Dundonnell Wind Farm,VIC1,wind,168.000,168.000
DUNDWF2,Dundonnell Wind Farm,VIC1,wind,46.000,46.000
DUNDWF3,Dundonnell Wind Farm,VIC1,wind,121.000,122.000
ELAINWF1,Elaine Wind Farm,VIC1,wind,83.600,82.000
FNWF1,Ferguson North Wind Farm,VIC1,wind,4.000,3.000
GRANWF1,Granville Harbour Wind Farm,TAS1,wind,110.000,111.000
GULLRWF1,Gullen Range Wind Farm,NSW1,wind,275.500,268.000
GULLRWF1,Gullen Range Wind Farm,NSW1,wind,,
GULLRWF2,Gullen Range Wind Farm,NSW1,wind,,
GUNNING1,Gunning Wind Farm,NSW1,wind,46.500,47.000
HALLWF1,Hallett 1 Wind Farm,SA1,wind,94.500,95.000
HALLWF2,Hallett 2 Wind Farm,SA1,wind,71.400,71.000
HEPWIND1,Hepburn Community Wind Farm,VIC1,wind,4.100,4.000
HDWF1,Hornsdale Wind Farm,SA1,wind,102.400,102.000
HDWF2,Hornsdale Wind Farm 2,SA1,wind,102.400,102.000
HDWF3,Hornsdale Wind Farm 3,SA1,wind,112.000,109.000
KIATAWF1,Kiata Wind Farm,VIC1,wind,31.050,31.000
LKBONNY2,Lake Bonney Stage 2 Windfarm,SA1,wind,159.000,159.000
LKBONNY3,Lake Bonney Stage 3 Wind Farm,SA1,wind,39.000,39.000
LKBONNY1,Lake Bonney Wind Farm Stage 1,SA1,wind,80.500,81.000
LGAPWF1,Lincoln Gap Wind Farm,SA1,wind,212.400,212.400
MACARTH1,Macarthur Wind Farm,VIC1,wind,420.000,420.000
MAROOWF1,Maroona Wind Farm,VIC1,wind,6.800,6.000
MOORAWF1,Moorabool Wind Farm,VIC1,wind,150.000,150.000
MLWF1,Mortons Lane Wind Farm,VIC1,wind,19.500,20.000
MEWF1,Mount Emerald Wind Farm,QLD1,wind,127.650,126.050
MEWF1,Mount Emerald Wind Farm,QLD1,wind,52.800,52.150
MTGELWF1,Mt Gellibrand Wind Farm,VIC1,wind,43.904,66.000
MTGELWF1,Mt Gellibrand Wind Farm,VIC1,wind,25.088,
MTGELWF1,Mt Gellibrand Wind Farm,VIC1,wind,12.544,66.000
MTGELWF1,Mt Gellibrand Wind Farm,VIC1,wind,28.224,
MTGELWF1,Mt Gellibrand Wind Farm,VIC1,wind,9.408,
MTGELWF1,Mt Gellibrand Wind Farm,VIC1,wind,18.816,
MERCER01,Mt Mercer Wind Farm,VIC1,wind,131.200,131.000
MTMILLAR,Mt Millar Wind Farm,SA1,wind,70.000,70.000
MUWAWF1,Murra Warra Wind Farm,VIC1,wind,231.800,225.700
MUSSELR1,Musselroe Wind Farm,TAS1,wind,168.000,168.000
NBHWF1,North Brown Hill Wind Farm,SA1,wind,132.300,132.000
OAKLAND1,Oaklands Hill Wind Farm,VIC1,wind,67.000,63.000
None,Portland Wind Farm,VIC1,wind,148.000,148.000
SALTCRK1,Salt Creek Wind Farm,VIC1,wind,54.000,54.000
SAPHWF1,Sapphire Wind Farm,NSW1,wind,270.000,270.000
STWF1,Silverton Wind Farm,NSW1,wind,198.940,198.000
SNOWSTH1,Snowtown South Wind Farm,SA1,wind,126.000,126.000
SNOWNTH1,Snowtown Wind Farm Stage 2 North,SA1,wind,144.000,144.000
SNOWTWN1,Snowtown Wind Farm Units 1 And 47,SA1,wind,99.000,99.000
STARHLWF,Starfish Hill Wind Farm,SA1,wind,34.500,35.000
TARALGA1,Taralga Wind Farm,NSW1,wind,106.800,106.000
TARALGA1,Taralga Wind Farm,NSW1,wind,,
TARALGA1,Taralga Wind Farm,NSW1,wind,,
BLUFF1,The Bluff Wind Farm,SA1,wind,52.500,53.000
TIMWEST,Timboon West Wind Farm,VIC1,wind,7.200,7.200
TOORAWF,Toora Wind Farm,VIC1,wind,21.000,21.000
WATERLWF,Waterloo Wind Farm,SA1,wind,130.800,130.000
WATERLWF,Waterloo Wind Farm,SA1,wind,,
WPWF,Wattle Point Wind Farm,SA1,wind,90.750,91.000
WAUBRAWF,Waubra Wind Farm,VIC1,wind,192.000,192.000
WRWF1,White Rock Wind and Solar Farm,NSW1,wind,175.000,172.000
WGWF1,Willogoleche Wind Farm,SA1,wind,91.920,119.000
WGWF1,Willogoleche Wind Farm,SA1,wind,27.440,119.000
WHILL1,Windy Hill Wind Farm,QLD1,wind,12.000,12.000
WONWP,Wonthaggi Wind Farm,VIC1,wind,12.000,12.000
WOODLWN1,Woodlawn Wind Farm,NSW1,wind,48.300,48.000
WOOLNTH1,Woolnorth Studland Bay / Bluff Point Wind Farm,TAS1,wind,140.000,140.000
WOOLNTH1,Woolnorth Studland Bay / Bluff Point Wind Farm,TAS1,wind,,
YSWF1,Yaloak South Wind Farm,VIC1,wind,28.700,28.000
YAMBUKWF,Yambuk Wind Farm,VIC1,wind,30.000,30.000
YAWWF1,Yawong Wind Farm,VIC1,wind,7.200,7.200
YENDWF1,Yendon Wind Farm,VIC1,wind,144.400,142.000
HPRG1,Hornsdale Power Reserve,SA1,battery_discharging,150.000,150.000
BALBG1,Ballarat Battery Energy Storage System,VIC1,battery_discharging,30.000,30.000
DALNTH01,Dalrymple North Battery Energy Storage System,SA1,battery_discharging,30.000,30.000
GANNBG1,Gannawarra Energy Storage System,VIC1,battery_discharging,30.875,25.000
LBBG1,Lake Bonney BESS1,SA1,battery_discharging,25.000,25.000
