name,oid,ocode,code,region,status,fueltech,unit_id,unit_num,station_cap_registered,craeted_by
Callide,A8P,au.nem.qld.callide,CALL_B_1,QLD1,operating,coal_black,,,785.0,
Callide,A8P,au.nem.qld.callide,CALL_B_2,QLD1,operating,coal_black,,,785.0,
Swanbank B,A88,au.nem.qld.swanbank,SWAN_E,QLD1,operating,gas_wcmg,,,385.0,
Mt Piper,A8R,au.nem.nsw.mp,MP1,NSW1,operating,coal_black,,,1425.0,
Mt Piper,A8R,au.nem.nsw.mp,MP2,NSW1,operating,coal_black,,,1425.0,
Munmorah,A8S,au.nem.nsw.mm,MM3,NSW1,retired,coal_black,,,,
Munmorah,A8S,au.nem.nsw.mm,MM4,NSW1,retired,coal_black,,,,
Vales Point B,A89,au.nem.nsw.vp,VP5,NSW1,operating,coal_black,,,1345.0,
Vales Point B,A89,au.nem.nsw.vp,VP6,NSW1,operating,coal_black,,,1345.0,
Wallerawang,A8W,au.nem.nsw.ww,WW7,NSW1,retired,coal_black,,,,
Wallerawang,A8W,au.nem.nsw.ww,WW8,NSW1,retired,coal_black,,,,
Jeeralang A,A8X,au.nem.vic.jeera,JLA01,VIC1,operating,gas_ocgt,,,204.0,
Jeeralang A,A8X,au.nem.vic.jeera,JLA02,VIC1,operating,gas_ocgt,,,204.0,
Jeeralang A,A8X,au.nem.vic.jeera,JLA03,VIC1,operating,gas_ocgt,,,204.0,
Jeeralang A,A8X,au.nem.vic.jeera,JLA04,VIC1,operating,gas_ocgt,,,204.0,
Jeeralang B,A8Y,au.nem.vic.jeerb,JLB01,VIC1,operating,gas_ocgt,,,228.0,
Jeeralang B,A8Y,au.nem.vic.jeerb,JLB02,VIC1,operating,gas_ocgt,,,228.0,
Jeeralang B,A8Y,au.nem.vic.jeerb,JLB03,VIC1,operating,gas_ocgt,,,228.0,
Newport,ARZ,au.nem.vic.newport,NPS,VIC1,operating,gas_steam,,,500.0,
Loy Yang B,ARA,au.nem.vic.loyyb,LOYYB1,VIC1,operating,coal_brown,,,1000.0,
Loy Yang B,ARA,au.nem.vic.loyyb,LOYYB2,VIC1,operating,coal_brown,,,1000.0,
Morwell,ARC,au.nem.vic.energyb,MOR1,VIC1,retired,coal_brown,,,,
Morwell,ARC,au.nem.vic.energyb,MOR2,VIC1,retired,coal_brown,,,,
Morwell,ARC,au.nem.vic.energyb,MOR3,VIC1,retired,coal_brown,,,,
Snuggery,AR2,au.nem.sa.snug,SNUG1,SA1,operating,distillate,,,130.0,
Snuggery,AR2,au.nem.sa.snug,SNUG2,SA1,operating,distillate,,,130.0,
Snuggery,AR2,au.nem.sa.snug,SNUG3,SA1,operating,distillate,,,130.0,
Snuggery,AR2,au.nem.sa.snug,SNUGNL1,SA1,operating,distillate,,,130.0,
Hazelwood,ARB,au.nem.vic.hazel,HWPS1,VIC1,retired,coal_brown,,,,
Hazelwood,ARB,au.nem.vic.hazel,HWPS2,VIC1,retired,coal_brown,,,,
Hazelwood,ARB,au.nem.vic.hazel,HWPS3,VIC1,retired,coal_brown,,,,
Hazelwood,ARB,au.nem.vic.hazel,HWPS4,VIC1,retired,coal_brown,,,,
Hazelwood,ARB,au.nem.vic.hazel,HWPS5,VIC1,retired,coal_brown,,,,
Hazelwood,ARB,au.nem.vic.hazel,HWPS6,VIC1,retired,coal_brown,,,,
Hazelwood,ARB,au.nem.vic.hazel,HWPS7,VIC1,retired,coal_brown,,,,
Hazelwood,ARB,au.nem.vic.hazel,HWPS8,VIC1,retired,coal_brown,,,,
Loy Yang A,AR3,au.nem.vic.loyyanga,LYA1,VIC1,operating,coal_brown,,,2235.0,
Loy Yang A,AR3,au.nem.vic.loyyanga,LYA2,VIC1,operating,coal_brown,,,2235.0,
Loy Yang A,AR3,au.nem.vic.loyyanga,LYA3,VIC1,operating,coal_brown,,,2235.0,
Loy Yang A,AR3,au.nem.vic.loyyanga,LYA4,VIC1,operating,coal_brown,,,2235.0,
Liddell,ARE,au.nem.nsw.liddell,LD01,NSW1,operating,coal_black,,,2025.0,
Liddell,ARE,au.nem.nsw.liddell,LD02,NSW1,operating,coal_black,,,2025.0,
Liddell,ARE,au.nem.nsw.liddell,LD03,NSW1,operating,coal_black,,,2025.0,
Liddell,ARE,au.nem.nsw.liddell,LD04,NSW1,operating,coal_black,,,2025.0,
Bayswater,ARF,au.nem.nsw.baysw,BW01,NSW1,operating,coal_black,,,2640.0,
Bayswater,ARF,au.nem.nsw.baysw,BW02,NSW1,operating,coal_black,,,2640.0,
Bayswater,ARF,au.nem.nsw.baysw,BW03,NSW1,operating,coal_black,,,2640.0,
Bayswater,ARF,au.nem.nsw.baysw,BW04,NSW1,operating,coal_black,,,2640.0,
Dry Creek Station,AR4,au.nem.sa.drycgt,DRYCGT1,SA1,operating,gas_ocgt,,,181.0,
Dry Creek Station,AR4,au.nem.sa.drycgt,DRYCGT2,SA1,operating,gas_ocgt,,,181.0,
Dry Creek Station,AR4,au.nem.sa.drycgt,DRYCGT3,SA1,operating,gas_ocgt,,,181.0,
Mintaro Station,ARG,au.nem.sa.mintaro,MINTARO,SA1,operating,gas_ocgt,,,115.0,
Mintaro Station,ARG,au.nem.sa.mintaro,MINTNL1,SA1,operating,gas_ocgt,,,115.0,
Northern,ARH,au.nem.sa.northp,NPS1,SA1,retired,coal_brown,,,,
Northern,ARH,au.nem.sa.northp,NPS2,SA1,retired,coal_brown,,,,
Northern,ARH,au.nem.sa.northp,NPSNL1,SA1,retired,coal_brown,,,,
Northern,ARH,au.nem.sa.northp,NPSNL2,SA1,retired,coal_brown,,,,
Playford B,AR5,au.nem.sa.playf,PLAYB-AG,SA1,retired,coal_brown,,,,
Playford B,AR5,au.nem.sa.playf,PLAYFB1,SA1,retired,coal_brown,,,,
Playford B,AR5,au.nem.sa.playf,PLAYFB2,SA1,retired,coal_brown,,,,
Playford B,AR5,au.nem.sa.playf,PLAYFB3,SA1,retired,coal_brown,,,,
Playford B,AR5,au.nem.sa.playf,PLAYFB4,SA1,retired,coal_brown,,,,
Torrens Island,ART,au.nem.sa.torris,TORRA1,SA1,operating,gas_steam,,,1380.0,
Torrens Island,ART,au.nem.sa.torris,TORRA2,SA1,operating,gas_steam,,,1380.0,
Torrens Island,ART,au.nem.sa.torris,TORRA3,SA1,operating,gas_steam,,,1380.0,
Torrens Island,ART,au.nem.sa.torris,TORRA4,SA1,operating,gas_steam,,,1380.0,
Torrens Island,ART,au.nem.sa.torris,TORRB1,SA1,operating,gas_steam,,,1380.0,
Torrens Island,ART,au.nem.sa.torris,TORRB2,SA1,operating,gas_steam,,,1380.0,
Torrens Island,ART,au.nem.sa.torris,TORRB3,SA1,operating,gas_steam,,,1380.0,
Torrens Island,ART,au.nem.sa.torris,TORRB4,SA1,operating,gas_steam,,,1380.0,
Eraring,ARK,au.nem.nsw.eraring,ER01,NSW1,operating,coal_black,,,2905.0,
Eraring,ARK,au.nem.nsw.eraring,ER02,NSW1,operating,coal_black,,,2905.0,
Eraring,ARK,au.nem.nsw.eraring,ER03,NSW1,operating,coal_black,,,2905.0,
Eraring,ARK,au.nem.nsw.eraring,ER04,NSW1,operating,coal_black,,,2905.0,
Hume,AR6,au.nem.nsw.humensw,HUMENSW,NSW1,operating,hydro,,,29.0,
Brown Mountain,AR7,au.nem.nsw.brownmt,BROWNMT,NSW1,operating,hydro,,,4.0,
Keepit,ARP,au.nem.nsw.keepit,KEEPIT,NSW1,operating,hydro,,,6.0,
Burrinjuck,AR8,au.nem.nsw.burrin,BURRIN,NSW1,operating,hydro,,,10.0,
Warragamba,ARR,au.nem.nsw.wg,WG01,NSW1,retired,hydro,,,,
Hunter Valley,AR9,au.nem.nsw.huntvgt,HVGTS,NSW1,operating,distillate,,,50.0,
Broken Hill,ARX,au.nem.nsw.bhillgt,GB01,NSW1,operating,distillate,,,50.0,
Shoalhaven,ARY,au.nem.nsw.shoalhav,SHGEN,NSW1,operating,pumps,,,240.0,
Shoalhaven,ARY,au.nem.nsw.shoalhav,SHPUMP,NSW1,operating,pumps,,,240.0,
Gladstone,ASZ,au.nem.qld.g/stone,GSTONE1,QLD1,operating,coal_black,,,1705.0,
Gladstone,ASZ,au.nem.qld.g/stone,GSTONE2,QLD1,operating,coal_black,,,1705.0,
Gladstone,ASZ,au.nem.qld.g/stone,GSTONE3,QLD1,operating,coal_black,,,1705.0,
Gladstone,ASZ,au.nem.qld.g/stone,GSTONE4,QLD1,operating,coal_black,,,1705.0,
Gladstone,ASZ,au.nem.qld.g/stone,GSTONE5,QLD1,operating,coal_black,,,1705.0,
Gladstone,ASZ,au.nem.qld.g/stone,GSTONE6,QLD1,operating,coal_black,,,1705.0,
Collinsville,ASA,au.nem.qld.colnsv,COLNSV_1,QLD1,retired,coal_black,,,,
Collinsville,ASA,au.nem.qld.colnsv,COLNSV_2,QLD1,retired,coal_black,,,,
Collinsville,ASA,au.nem.qld.colnsv,COLNSV_3,QLD1,retired,coal_black,,,,
Collinsville,ASA,au.nem.qld.colnsv,COLNSV_4,QLD1,retired,coal_black,,,,
Collinsville,ASA,au.nem.qld.colnsv,COLNSV_5,QLD1,retired,coal_black,,,,
Angelsea,ASC,au.nem.vic.aps,APS,VIC1,retired,coal_brown,,,,
Hume,AS2,au.nem.vic.humev,HUMEV,VIC1,operating,hydro,,,29.0,
Dartmouth,ASE,au.nem.vic.dartm,DARTM1,VIC1,operating,hydro,,,185.0,
Eildon,ASF,au.nem.vic.eildon,EILDON1,VIC1,operating,hydro,,,120.0,
Eildon,ASF,au.nem.vic.eildon,EILDON2,VIC1,operating,hydro,,,120.0,
Bogong / Mackay,AS4,au.nem.vic.mckay,MCKAY1,VIC1,operating,hydro,,,300.0,
Bogong / Mackay,AS4,au.nem.vic.mckay,MCKAY2,VIC1,retired,hydro,,,300.0,
Clover,ASG,au.nem.vic.clover,CLOVER,VIC1,operating,hydro,,,29.0,
West Kiewa,ASH,au.nem.vic.wkiewa,WKIEWA1,VIC1,operating,hydro,,,62.0,
West Kiewa,ASH,au.nem.vic.wkiewa,WKIEWA2,VIC1,operating,hydro,,,62.0,
Rubicon Mountain,AS5,au.nem.vic.rubicon,RUBICON,VIC1,operating,hydro,,,13.55,
Barron Gorge,AST,au.nem.qld.barron,BARRON-1,QLD1,operating,hydro,,,60.0,
Barron Gorge,AST,au.nem.qld.barron,BARRON-2,QLD1,operating,hydro,,,60.0,
Kareeya,ASK,au.nem.qld.kareeya,KAREEYA1,QLD1,operating,hydro,,,91.0,
Kareeya,ASK,au.nem.qld.kareeya,KAREEYA2,QLD1,operating,hydro,,,91.0,
Kareeya,ASK,au.nem.qld.kareeya,KAREEYA3,QLD1,operating,hydro,,,91.0,
Kareeya,ASK,au.nem.qld.kareeya,KAREEYA4,QLD1,operating,hydro,,,91.0,
Kareeya,ASK,au.nem.qld.kareeya,KAREEYA5,QLD1,operating,hydro,,,91.0,
Mackay,AS6,au.nem.qld.mackay,MACKAYGT,QLD1,operating,distillate,,,30.0,
Stanwell,AS7,au.nem.qld.stanwell,STAN-1,QLD1,operating,coal_black,,,1485.0,
Stanwell,AS7,au.nem.qld.stanwell,STAN-2,QLD1,operating,coal_black,,,1485.0,
Stanwell,AS7,au.nem.qld.stanwell,STAN-3,QLD1,operating,coal_black,,,1485.0,
Stanwell,AS7,au.nem.qld.stanwell,STAN-4,QLD1,operating,coal_black,,,1485.0,
Tarong,ASP,au.nem.qld.tarong,TARONG#1,QLD1,operating,coal_black,,,1425.0,
Tarong,ASP,au.nem.qld.tarong,TARONG#2,QLD1,operating,coal_black,,,1425.0,
Tarong,ASP,au.nem.qld.tarong,TARONG#3,QLD1,operating,coal_black,,,1425.0,
Tarong,ASP,au.nem.qld.tarong,TARONG#4,QLD1,operating,coal_black,,,1425.0,
Wivenhoe,AS8,au.nem.qld.wivenhoe,PUMP1,QLD1,operating,pumps,,,570.0,
Wivenhoe,AS8,au.nem.qld.wivenhoe,PUMP2,QLD1,operating,pumps,,,570.0,
Wivenhoe,AS8,au.nem.qld.wivenhoe,W/HOE#1,QLD1,operating,pumps,,,570.0,
Wivenhoe,AS8,au.nem.qld.wivenhoe,W/HOE#2,QLD1,operating,pumps,,,570.0,
Yallourn W,ASR,au.nem.vic.yallourn,YWPS1,VIC1,operating,coal_brown,,,1505.0,
Yallourn W,ASR,au.nem.vic.yallourn,YWPS2,VIC1,operating,coal_brown,,,1505.0,
Yallourn W,ASR,au.nem.vic.yallourn,YWPS3,VIC1,operating,coal_brown,,,1505.0,
Yallourn W,ASR,au.nem.vic.yallourn,YWPS4,VIC1,operating,coal_brown,,,1505.0,
Barcaldine,ASS,au.nem.qld.barcaldn,BARCALDN,QLD1,operating,gas_ccgt,,,37.0,
Tumut 3,AS9,au.nem.snowy.snowy1,TUMUT3,NSW1,operating,hydro,,,1575.0,
Tumut,ASW,au.nem.snowy.snowy2,UPPTUMUT,NSW1,operating,hydro,,,616.0,
Guthega,ASX,au.nem.nsw.snowy3,GUTHEGA,NSW1,operating,hydro,,,85.0,
Blowering,A9A,au.nem.nsw.snowy6,BLOWERNG,NSW1,operating,hydro,,,80.0,
Port Lincoln,A92,au.nem.sa.portlcn,POR01,SA1,operating,distillate,,,73.5,
Port Lincoln,A92,au.nem.sa.portlcn,POR03,SA1,operating,distillate,,,73.5,
Osborne,A93,au.nem.sa.osborne,OSB-AG,SA1,operating,gas_ccgt,,,180.0,
Mt Stuart,A9E,au.nem.qld.mstuart,MSTUART1,QLD1,operating,distillate,,,419.0,
Mt Stuart,A9E,au.nem.qld.mstuart,MSTUART2,QLD1,operating,distillate,,,419.0,
Mt Stuart,A9E,au.nem.qld.mstuart,MSTUART3,QLD1,operating,distillate,,,419.0,
Townsville,A9F,au.nem.qld.yabulu,YABULU,QLD1,operating,gas_ccgt,,,242.0,
Townsville,A9F,au.nem.qld.yabulu,YABULU2,QLD1,operating,gas_ccgt,,,242.0,
Smithfield,A94,au.nem.nsw.sithe,SITHE01,NSW1,operating,gas_ccgt,,,185.0,
Jindabyne Pump At Guthega,A98,au.nem.vic.snwygjp2,SNWYGJP2,SNOWY1,retired,pumps,,,70.0,
Roma Station,A9W,au.nem.qld.roma,ROMA_7,QLD1,operating,gas_ocgt,,,80.0,
Roma Station,A9W,au.nem.qld.roma,ROMA_8,QLD1,operating,gas_ocgt,,,80.0,
Oakey,AWE,au.nem.qld.oakey,OAKEY1,QLD1,operating,gas_ocgt,,,282.0,
Oakey,AWE,au.nem.qld.oakey,OAKEY2,QLD1,operating,gas_ocgt,,,282.0,
Ladbroke Grove,AW4,au.nem.sa.ladbroke,LADBROK1,SA1,operating,gas_ocgt,,,80.0,
Ladbroke Grove,AW4,au.nem.sa.ladbroke,LADBROK2,SA1,operating,gas_ocgt,,,80.0,
Windy Hill,AWH,au.nem.qld.windhill,WHILL1,QLD1,operating,wind,,,12.0,
Callide C,AWK,au.nem.qld.callidec,CPP_3,QLD1,operating,coal_black,,,840.0,
Callide C,AWK,au.nem.qld.callidec,CPP_4,QLD1,operating,coal_black,,,840.0,
Pelican Point,AW7,au.nem.sa.npppps,PPCCGT,SA1,operating,gas_ccgt,,,478.0,
Redbank,AW8,au.nem.nsw.redbank1,REDBANK1,NSW1,retired,coal_black,,,,
Bairnsdale,AWR,au.nem.vic.deibdl,BDL01,VIC1,operating,gas_ocgt,,,94.0,
Bairnsdale,AWR,au.nem.vic.deibdl,BDL02,VIC1,operating,gas_ocgt,,,94.0,
Millmerran,AWS,au.nem.qld.millmern,MPP_1,QLD1,operating,coal_black,,,852.0,
Millmerran,AWS,au.nem.qld.millmern,MPP_2,QLD1,operating,coal_black,,,852.0,
Jacks Gully,AW9,au.nem.nsw.jacksgul,JACKSGUL,NSW1,operating,bioenergy_biogas,,,2.3,
Murray,AWW,au.nem.vic.murray,MURRAY,VIC1,operating,hydro,,,1575.0,
Rocky Point,AWX,au.nem.qld.rpcg,RPCG,QLD1,operating,bioenergy_biomass,,,30.0,
Pindari,AWY,au.nem.nsw.pindari,PINDARI,NSW1,operating,hydro,,,6.7,
Quarantine,AXZ,au.nem.sa.quarantn,QPS1,SA1,operating,gas_ocgt,,,229.0,
Quarantine,AXZ,au.nem.sa.quarantn,QPS2,SA1,operating,gas_ocgt,,,229.0,
Quarantine,AXZ,au.nem.sa.quarantn,QPS3,SA1,operating,gas_ocgt,,,229.0,
Quarantine,AXZ,au.nem.sa.quarantn,QPS4,SA1,operating,gas_ocgt,,,229.0,
Quarantine,AXZ,au.nem.sa.quarantn,QPS5,SA1,operating,gas_ocgt,,,229.0,
Lonsdale,AXA,au.nem.sa.lonsdale,LONSDALE,SA1,operating,distillate,,,20.0,
Hallett,AX2,au.nem.sa.aglhal,AGLHAL,SA1,operating,gas_ocgt,,,220.0,
Somerton,AXB,au.nem.vic.aglsom,AGLSOM,VIC1,operating,gas_ocgt,,,170.0,
West Nowra Generation Facility,AXF,au.nem.nsw.aglnow1,AGLNOW1,NSW1,operating,distillate,,,1.0,
Toora,AX4,au.nem.vic.toorawf,TOORAWF,VIC1,operating,wind,,,21.0,
Brooklyn U13,AXG,au.nem.vic.brooklyn,BROOKLYN,VIC1,operating,bioenergy_biogas,,,1.0,
Eastern Creek,AXH,au.nem.nsw.eastcrk,EASTCRK,NSW1,operating,bioenergy_biogas,,,5.06,
Longford,AX5,au.nem.vic.longford,LONGFORD,VIC1,operating,gas_ocgt,,,31.0,
Tarong North,AX6,au.nem.qld.tarongn,TNPS1,QLD1,operating,coal_black,,,443.0,
Wivenhoe Small,AX7,au.nem.qld.wivensh,WIVENSH,QLD1,operating,hydro,,,4.7,
Mornington,AX9,au.nem.vic.mornw,MORNW,VIC1,operating,bioenergy_biogas,,,1.0,
Wyndham,AXW,au.nem.vic.wyndw,WYNDW,VIC1,operating,bioenergy_biogas,,,1.0,
Earthpower,AXX,au.nem.nsw.pmattaep,PMATTAEP,NSW1,retired,gas_recip,,,,
Suncoast Gold Macadamias,AXY,au.nem.qld.suncoast,SUNCOAST,QLD1,retired,bioenergy_biomass,,,,
Terminal Storage Mini Hydro,AYZ,au.nem.sa.termstor,TERMSTOR,SA1,retired,hydro,,,,
Lake Bonney 1,AYC,au.nem.sa.lkbonny1,LKBONNY1,SA1,operating,wind,,,80.5,
Teralba,AY2,au.nem.nsw.teralba,TERALBA,NSW1,operating,gas_wcmg,,,3.0,
Roghan Road,AYB,au.nem.qld.edlrgnrd,EDLRGNRD,QLD1,operating,bioenergy_biogas,,,2.0,
Rochedale,AYG,au.nem.qld.rochedal,ROCHEDAL,QLD1,operating,bioenergy_biogas,,,3.0,
Whitwood Road,AYH,au.nem.qld.whit1,WHIT1,QLD1,operating,bioenergy_biogas,,,1.0,
Lucas Heights 2,AY5,au.nem.nsw.lucas2s2,LUCAS2S2,NSW1,operating,bioenergy_biogas,,,16.6,
Angaston,AYT,au.nem.sa.angaston,ANGAST1,SA1,operating,distillate,,,50.0,
Wattle Point,AYK,au.nem.sa.wpwf,WPWF,SA1,operating,wind,,,90.75,
Cathedral Rocks,AY6,au.nem.sa.cathrock,CATHROCK,SA1,operating,wind,,,66.0,
Bell Bay,AY7,au.nem.tas.bellbay,BELLBAY1,TAS1,retired,gas_steam,,,,
Bell Bay,AY7,au.nem.tas.bellbay,BELLBAY2,TAS1,retired,gas_steam,,,,
Woolnorth Studland Bay / Bluff Point,AYP,au.nem.tas.woolnth1,WOOLNTH1,TAS1,operating,wind,,,65.0,
Bastyan,AY8,au.nem.tas.bastyan,BASTYAN,TAS1,operating,hydro,,,79.9,
Butlers Gorge,AYR,au.nem.tas.butlersg,BUTLERSG,TAS1,operating,hydro,,,14.4,
Cethana,AYS,au.nem.tas.cethana,CETHANA,TAS1,operating,hydro,,,85.0,
Cluny,AY9,au.nem.tas.cluny,CLUNY,TAS1,operating,hydro,,,19.0,
Devils Gate,AYW,au.nem.tas.devilsg,DEVILS_G,TAS1,operating,hydro,,,60.0,
Fisher,AYX,au.nem.tas.fisher,FISHER,TAS1,operating,hydro,,,43.2,
Gordon,AYY,au.nem.tas.gordon,GORDON,TAS1,operating,hydro,,,457.0,
Gordon,AYY,au.nem.tas.gordon,GOVILLB1,TAS1,operating,hydro,,,457.0,
John Butters,CZZ,au.nem.tas.jbutters,JBUTTERS,TAS1,operating,hydro,,,144.0,
Lemonthyme / Wilmot,CZA,au.nem.tas.lemwil,LEM_WIL,TAS1,operating,hydro,,,82.0,
Catagunya / Liapootah / Wayatinah,CZC,au.nem.tas.liwyca,CATAGUN1,TAS1,retired,distillate,,,245.0,
Catagunya / Liapootah / Wayatinah,CZC,au.nem.tas.liwyca,LI_WY_CA,TAS1,operating,hydro,,,245.0,
Lake Echo,CZ2,au.nem.tas.lkecho,LK_ECHO,TAS1,operating,hydro,,,32.4,
Mackintosh,CZB,au.nem.tas.mackntsh,MACKNTSH,TAS1,operating,hydro,,,79.9,
Meadowbank,CZ3,au.nem.tas.meadowbk,MEADOWB2,TAS1,retired,distillate,,,40.0,
Meadowbank,CZ3,au.nem.tas.meadowbk,MEADOWBK,TAS1,operating,hydro,,,40.0,
Paloona,CZE,au.nem.tas.paloona,PALOONA,TAS1,operating,hydro,,,28.0,
Poatina,CZF,au.nem.tas.ptina110,PO110NL1,TAS1,operating,hydro,,,125.0,
Poatina,CZF,au.nem.tas.ptina110,POAT110,TAS1,operating,hydro,,,125.0,
Poatina,CZ4,au.nem.tas.ptina220,POAT220,TAS1,operating,hydro,,,200.0,
Reece,CZG,au.nem.tas.reece,REECE1,TAS1,operating,hydro,,,231.2,
Reece,CZG,au.nem.tas.reece,REECE2,TAS1,operating,hydro,,,231.2,
Repulse,CZH,au.nem.tas.repulse,REPULSE,TAS1,operating,hydro,,,28.0,
Tarraleah,CZ5,au.nem.tas.tarralea,TARRALEA,TAS1,operating,hydro,,,90.0,
Trevallyn,CZT,au.nem.tas.trevalln,TREVALLN,TAS1,operating,hydro,,,80.0,
Tribute,CZK,au.nem.tas.tribute,TRIBNL1,TAS1,operating,hydro,,,107.8,
Tribute,CZK,au.nem.tas.tribute,TRIBUTE,TAS1,operating,hydro,,,107.8,
Tungatinah,CZ6,au.nem.tas.tungatin,TUNGATIN,TAS1,operating,hydro,,,125.0,
Yambuk,CZ8,au.nem.vic.yambuk,YAMBUKWF,VIC1,operating,wind,,,30.0,
Mt Millar,CZR,au.nem.sa.mtmillar,MTMILLAR,SA1,operating,wind,,,70.0,
Wonthaggi,CZS,au.nem.vic.wonwp,WONWP,VIC1,operating,wind,,,12.0,
Banimboola,CZW,au.nem.vic.baps,BAPS,VIC1,operating,hydro,,,12.0,
Starfish Hill,CZX,au.nem.sa.starfhill,STARHLWF,SA1,operating,wind,,,34.5,
Challicum Hills,CZY,au.nem.vic.challwf,CHALLHWF,VIC1,operating,wind,,,52.5,
Canunda,CAZ,au.nem.sa.canunda1,CNUNDAWF,SA1,operating,wind,,,46.0,
Laverton North,CAA,au.nem.vic.lngs,LNGS1,VIC1,operating,gas_ocgt,,,312.0,
Laverton North,CAA,au.nem.vic.lngs,LNGS2,VIC1,operating,gas_ocgt,,,312.0,
Rowallan,CAC,au.nem.tas.rowallan,ROWALLAN,TAS1,operating,hydro,,,10.5,
Invicta Sugar Mill,CA2,au.nem.qld.invicta,INVICTA,QLD1,operating,bioenergy_biomass,,,39.0,
Pioneer Sugar Mill,CAB,au.nem.qld.pioneer,PIONEER,QLD1,operating,bioenergy_biomass,,,68.0,
Braemar,CA3,au.nem.qld.braemara,BRAEMAR1,QLD1,operating,gas_wcmg,,,504.0,
Braemar,CA3,au.nem.qld.braemara,BRAEMAR2,QLD1,operating,gas_wcmg,,,504.0,
Braemar,CA3,au.nem.qld.braemara,BRAEMAR3,QLD1,operating,gas_wcmg,,,504.0,
Bell Bay Three,CAE,au.nem.tas.bbp31,BBTHREE1,TAS1,operating,gas_ocgt,,,163.0,
Bell Bay Three,CAE,au.nem.tas.bbp31,BBTHREE2,TAS1,operating,gas_ocgt,,,163.0,
Bell Bay Three,CAE,au.nem.tas.bbp31,BBTHREE3,TAS1,operating,gas_ocgt,,,163.0,
Bell Bay Three,CAE,au.nem.tas.bbp31,TVPP104,TAS1,operating,gas_ocgt,,,163.0,
Oaky Creek,CAF,au.nem.qld.ocps,OAKYCREK,QLD1,operating,gas_wcmg,,,12.0,
Tatura Generator,CA4,au.nem.vic.tatura,TATURA01,VIC1,operating,bioenergy_biogas,,,1.1,
German Creek,CAG,au.nem.qld.germcrk,GERMCRK,QLD1,operating,gas_wcmg,,,32.0,
Grange Avenue,CAH,au.nem.nsw.grangeav,GRANGEAV,NSW1,operating,bioenergy_biogas,,,2.0,
Remount,CA5,au.nem.tas.remount,REMOUNT,TAS1,operating,bioenergy_biogas,,,2.0,
Daandine,CAT,au.nem.qld.daandine,DAANDINE,QLD1,operating,gas_recip,,,33.0,
Awaba,CAK,au.nem.nsw.awabaref,AWABAREF,NSW1,retired,bioenergy_biogas,,,,
Isis Central Sugar Mill,CA6,au.nem.qld.icsm,ICSM,QLD1,operating,bioenergy_biomass,,,25.0,
Moranbah Generation,CA7,au.nem.qld.moranbah,MORANBAH,QLD1,operating,gas_wcmg,,,12.56,
KRC,CAP,au.nem.qld.krccogen,KRCCOGEN,QLD1,retired,gas_ocgt,,,,
Kogan Creek,CA8,au.nem.qld.koganck,KPP_1,QLD1,operating,coal_black,,,744.0,
Lake Bonney 2,CAR,au.nem.sa.lkbonny2,LKBONNY2,SA1,operating,wind,,,159.0,
Jindabyne Small,CAS,au.nem.nsw.jndshps,JNDABNE1,NSW1,operating,hydro,,,1.1,
Condong,CA9,au.nem.nsw.condong1,CONDONG1,NSW1,operating,bioenergy_biomass,,,30.0,
Hallett 1,CAW,au.nem.sa.hallwf,HALLWF1,SA1,operating,wind,,,94.5,
Snowtown 1,CAX,au.nem.sa.snowtown,SNOWTWN1,SA1,operating,wind,,,99.0,
Portland,CAY,au.nem.vic.portwf,PORTWF,VIC1,operating,wind,,,164.0,
Broadwater,CCZ,au.nem.nsw.bwtr1,BWTR1,NSW1,operating,bioenergy_biomass,,,30.0,
Woodlawn Energy,CCA,au.nem.nsw.wdlngn,WDLNGN01,NSW1,operating,bioenergy_biogas,,,7.0,
Eraring,CCC,au.nem.nsw.ergt01,ERGT01,NSW1,operating,distillate,,,41.5,
Hunter Economic Zone,CC2,au.nem.nsw.hez,HEZ,NSW1,retired,distillate,,,,
Tallawarra,CCB,au.nem.nsw.tallawar,TALWA1,NSW1,operating,gas_ccgt,,,440.0,
Uranquinty,CC3,au.nem.nsw.uranq,URANQ11,NSW1,operating,gas_ocgt,,,664.0,
Uranquinty,CC3,au.nem.nsw.uranq,URANQ12,NSW1,operating,gas_ocgt,,,664.0,
Uranquinty,CC3,au.nem.nsw.uranq,URANQ13,NSW1,operating,gas_ocgt,,,664.0,
Uranquinty,CC3,au.nem.nsw.uranq,URANQ14,NSW1,operating,gas_ocgt,,,664.0,
Moranbah North,CCE,au.nem.qld.mbahnth,MBAHNTH,QLD1,operating,gas_wcmg,,,63.42,
South East Halllam,CCF,au.nem.vic.hlmsew01,HLMSEW01,VIC1,operating,hydro,,,0.25,
Veolia Ti Tree,CC4,au.nem.qld.titree,TITREE,QLD1,operating,bioenergy_biomass,,,2.0,
Shepparton Wastewater Treatment,CCG,au.nem.vic.shep1,SHEP1,VIC1,operating,bioenergy_biogas,,,1.1,
Ballarat Base Hospital,CCH,au.nem.vic.bbasehos,BBASEHOS,VIC1,operating,distillate,,,2.0,
Amcor Glass Gawler,CC5,au.nem.sa.amcorgr,AMCORGR,SA1,retired,distillate,,,,
Waubra,CCT,au.nem.vic.waubrawf,WAUBRAWF,VIC1,operating,wind,,,192.0,
Braemar 2,CCK,au.nem.qld.b2ps,BRAEMAR5,QLD1,operating,gas_wcmg,,,519.0,
Braemar 2,CCK,au.nem.qld.b2ps,BRAEMAR6,QLD1,operating,gas_wcmg,,,519.0,
Braemar 2,CCK,au.nem.qld.b2ps,BRAEMAR7,QLD1,operating,gas_wcmg,,,519.0,
Clements Gap,CC6,au.nem.sa.clemgpwf,CLEMGPWF,SA1,operating,wind,,,57.0,
Hallett 2,CC7,au.nem.sa.hallwf2,HALLWF2,SA1,operating,wind,,,71.4,
Colongra,CCP,au.nem.nsw.colongra,CG1,NSW1,operating,gas_ocgt,,,724.0,
Colongra,CCP,au.nem.nsw.colongra,CG2,NSW1,operating,gas_ocgt,,,724.0,
Colongra,CCP,au.nem.nsw.colongra,CG3,NSW1,operating,gas_ocgt,,,724.0,
Colongra,CCP,au.nem.nsw.colongra,CG4,NSW1,operating,gas_ocgt,,,724.0,
Cullerin Range,CC8,au.nem.nsw.cullerin,CULLRGWF,NSW1,operating,wind,,,30.0,
Condamine A,CCR,au.nem.qld.cpsa,CPSA,QLD1,operating,gas_wcmg,,,87.0,
Tamar Valley,CCS,au.nem.tas.tvccps,TVCC201,TAS1,operating,gas_ccgt,,,208.0,
Capital,CC9,au.nem.nsw.captlwf,CAPTL_WF,NSW1,operating,wind,,,140.0,
Southbank Institute Of Technology 1,CCW,au.nem.qld.sthbktec,STHBKTEC,QLD1,operating,distillate,,,1.0,
Darling Downs,CCX,au.nem.qld.ddps1,DDPS1,QLD1,operating,gas_wcmg,,,363.0,
Codrington,CCY,au.nem.vic.codrgton,CODRNGTON,VIC1,operating,wind,,,18.2,
Burrendong,C2Z,au.nem.nsw.bdonghyd,BDONGHYD,NSW1,operating,hydro,,,19.0,
Copeton,C2A,au.nem.nsw.coptnhyd,COPTNHYD,NSW1,operating,hydro,,,22.5,
Glenbawn,C2C,au.nem.nsw.glbwnhyd,GLBWNHYD,NSW1,operating,hydro,,,5.5,
Yarrawonga,C22,au.nem.vic.ywngahyd,YWNGAHYD,VIC1,operating,hydro,,,9.0,
Eastern Creek 2,C2B,au.nem.nsw.eastcrk2,EASTCRK2,NSW1,operating,bioenergy_biogas,,,8.98,
Wilga Park,C23,au.nem.nsw.wilgapk,WILGAPK,NSW1,operating,gas_wcmg,,,4.0,
Appin,C2E,au.nem.nsw.appin,APPIN,NSW1,operating,gas_wcmg,,,55.6,
Berwick,C2F,au.nem.vic.berwick,BERWICK,VIC1,operating,bioenergy_biogas,,,7.0,
Broadmeadows,C24,au.nem.vic.broadmdw,BROADMDW,VIC1,operating,bioenergy_biogas,,,5.0,
Clayton,C2G,au.nem.vic.clayton,CLAYTON,VIC1,operating,bioenergy_biogas,,,11.0,
Lucas Heights 1,C2H,au.nem.nsw.lucashgt,LUCASHGT,NSW1,operating,bioenergy_biogas,,,12.65,
Tower,C25,au.nem.nsw.tower,TOWER,NSW1,operating,gas_wcmg,,,41.2,
Glennies Creek,C2T,au.nem.nsw.glenncrk,GLENNCRK,NSW1,operating,gas_wcmg,,,12.78,
Wyangala A,C2K,au.nem.nsw.wyangala,WYANGALA,NSW1,operating,hydro,,,20.0,
Wyangala B,C26,au.nem.nsw.wyangalb,WYANGALB,NSW1,operating,hydro,,,4.0,
Jounama Small,C27,au.nem.nsw.jounama,JOUNAMA1,NSW1,operating,hydro,,,14.0,
Western Suburbs League Club Campbelltown,C2P,au.nem.nsw.westcbt,WESTCBT1,NSW1,operating,distillate,,,1.0,
West Illawarra Leagues Club,C2R,au.nem.nsw.westilla,WESTILL1,NSW1,operating,distillate,,,1.0,
Yarwun,C2S,au.nem.qld.yarwun,YARWUN_1,QLD1,operating,gas_ccgt,,,154.0,
Lake Bonney 3,C29,au.nem.sa.lkbonny3,LKBONNY3,SA1,operating,wind,,,39.0,
North Brown Hill,C2W,au.nem.sa.nbhwf,NBHWF1,SA1,operating,wind,,,132.3,
Bankstown Sports Club,C2X,au.nem.nsw.bankspt,BANKSPT1,NSW1,retired,distillate,,,,
Waterloo,C2Y,au.nem.sa.waterlwf,WATERLWF,SA1,operating,wind,,,111.0,
Nine Network Willoughby,CBZ,au.nem.nsw.ninewil,NINEWIL1,NSW1,operating,distillate,,,3.2,
St George Leagues,CBA,au.nem.nsw.stgeorge,STGEORG1,NSW1,operating,distillate,,,1.0,
Tataria,CBC,au.nem.sa.tatiara,TATIARA1,SA1,operating,distillate,,,0.5,
Pt Stanvac,CB2,au.nem.sa.stanvac,PTSTAN1,SA1,operating,distillate,,,57.6,
Pt Stanvac,CB2,au.nem.sa.stanvac,STANV1,SA1,retired,distillate,,,57.6,
Pt Stanvac,CB2,au.nem.sa.stanvac,STANV2,SA1,retired,distillate,,,57.6,
Valley Peaking Facility,CBB,au.nem.vic.vpgs,VPGS1,VIC1,operating,gas_ocgt,,,300.0,
Valley Peaking Facility,CBB,au.nem.vic.vpgs,VPGS2,VIC1,operating,gas_ocgt,,,300.0,
Valley Peaking Facility,CBB,au.nem.vic.vpgs,VPGS3,VIC1,operating,gas_ocgt,,,300.0,
Valley Peaking Facility,CBB,au.nem.vic.vpgs,VPGS4,VIC1,operating,gas_ocgt,,,300.0,
Valley Peaking Facility,CBB,au.nem.vic.vpgs,VPGS5,VIC1,operating,gas_ocgt,,,300.0,
Valley Peaking Facility,CBB,au.nem.vic.vpgs,VPGS6,VIC1,operating,gas_ocgt,,,300.0,
Gunning,CB3,au.nem.nsw.gunning,GUNNING1,NSW1,operating,wind,,,46.5,
Woodlawn,CBE,au.nem.nsw.woodlwn,WOODLWN1,NSW1,operating,wind,,,48.3,
Hepburn Community,CBF,au.nem.vic.hepwind,HEPWIND1,VIC1,operating,wind,,,4.1,
The Bluff,CB4,au.nem.sa.bluff,BLUFF1,SA1,operating,wind,,,52.5,
Mortlake,CBG,au.nem.vic.mortlk,MORTLK11,VIC1,operating,gas_ocgt,,,566.0,
Mortlake,CBG,au.nem.vic.mortlk,MORTLK12,VIC1,operating,gas_ocgt,,,566.0,
Oaklands Hill,CBH,au.nem.vic.oakland,OAKLAND1,VIC1,operating,wind,,,67.0,
Victoria Mill,CB5,au.nem.qld.vicmill,VICMILL1,QLD1,operating,bioenergy_biomass,,,24.0,
Hallam Road,CBT,au.nem.vic.halamrd,HALAMRD1,VIC1,operating,bioenergy_biogas,,,8.98,
Blue Lake Milling,CBK,au.nem.sa.blulake,BLULAKE1,SA1,retired,distillate,,,,
Browns Plains,CB6,au.nem.qld.bplandf,BPLANDF1,QLD1,operating,bioenergy_biogas,,,2.0,
Macarthur,CB7,au.nem.vic.macarth,MACARTH1,VIC1,operating,wind,,,420.0,
Racecourse Mill,CBP,au.nem.qld.racomil,RACOMIL1,QLD1,operating,bioenergy_biomass,,,38.0,
Mortons Lane,CB8,au.nem.vic.mlwf,MLWF1,VIC1,operating,wind,,,19.5,
Musselroe,CBR,au.nem.tas.musselro,MUSSELR1,TAS1,operating,wind,,,168.0,
The Drop,CBS,au.nem.nsw.thedrop,THEDROP1,NSW1,operating,hydro,,,2.5,
Highbury,CB9,au.nem.sa.highbry,HIGHBRY1,SA1,retired,bioenergy_biogas,,,,
Pedler Creek,CBW,au.nem.sa.pedler,PEDLER1,SA1,retired,bioenergy_biogas,,,,
Wingfield 1,CBX,au.nem.sa.wingf1,WINGF1_1,SA1,operating,bioenergy_biogas,,,4.12,
Tea Tree Gully,CBY,au.nem.sa.teatree,TEATREE1,SA1,retired,bioenergy_biogas,,,,
Wingfield 2,C3Z,au.nem.sa.wingf2,WINGF2_1,SA1,operating,bioenergy_biogas,,,4.12,
Wollert,C3A,au.nem.vic.wollert,WOLLERT1,VIC1,operating,bioenergy_biogas,,,7.0,
Traralgon,C3C,au.nem.vic.tgnss,TGNSS1,VIC1,operating,gas_recip,,,10.0,
Corio,C32,au.nem.vic.corio,CORIO1,VIC1,operating,bioenergy_biogas,,,1.0,
Capital East,C3B,au.nem.nsw.cesf,CESF1,NSW1,operating,solar_utility,,,1.0,
Snowtown South,C33,au.nem.sa.snowsth,SNOWSTH1,SA1,operating,wind,,,126.0,
Snowtown North,C3E,au.nem.sa.snownth,SNOWNTH1,SA1,operating,wind,,,144.0,
Springvale,C3F,au.nem.vic.svale,SVALE1,VIC1,operating,bioenergy_biogas,,,4.2,
Mt Mercer,C34,au.nem.vic.mtmercer,MERCER01,VIC1,operating,wind,,,131.2,
Gullen Range,C3G,au.nem.nsw.gullrgwf,GULLRSF1,NSW1,operating,solar_utility,,,286.0,
Gullen Range,C3G,au.nem.nsw.gullrgwf,GULLRWF1,NSW1,operating,wind,,,286.0,
Gullen Range,C3G,au.nem.nsw.gullrgwf,GULLRWF2,NSW1,operating,wind,,,286.0,
Glenmaggie,C3H,au.nem.vic.glenmagg,GLENMAG1,VIC1,operating,hydro,,,3.8,
Eildon,C35,au.nem.vic.eildonpd,EILDON3,VIC1,operating,hydro,,,4.5,
William Hovell,C3T,au.nem.vic.willhov,WILLHOV1,VIC1,operating,hydro,,,1.5,
Midlands,C3K,au.nem.tas.midldps,MIDLDPS1,TAS1,operating,hydro,,,6.0,
Royalla,C37,au.nem.nsw.royalla,ROYALLA1,NSW1,operating,solar_utility,,,20.0,
Woy Woy,C3P,au.nem.nsw.woywoy,WOYWOY1,NSW1,operating,bioenergy_biogas,,,1.06,
Wilga Park B,C38,au.nem.nsw.wilgapkb,WILGB01,NSW1,operating,gas_wcmg,,,6.0,
Kincumber,C3R,au.nem.nsw.kincumb,KINCUM1,NSW1,operating,bioenergy_biogas,,,1.06,
Boco Rock,C3S,au.nem.nsw.bocorock,BOCORWF1,NSW1,operating,wind,,,113.0,
Taralga,C39,au.nem.nsw.taralga,TARALGA1,NSW1,operating,wind,,,106.0,
Nyngan,C3W,au.nem.nsw.nyngan,NYNGAN1,NSW1,operating,solar_utility,,,102.14,
Bolivar,C3X,au.nem.sa.bolivar,BOLIVAR1,SA1,operating,bioenergy_biomass,,,10.0,
Bald Hills,C3Y,au.nem.vic.bhwf,BALDHWF1,VIC1,operating,wind,,,106.6,
Chepstowe,CEZ,au.nem.vic.chpstwf,CHPSTWF1,VIC1,operating,wind,,,6.15,
Tahmoor,CEA,au.nem.nsw.tahmoor,TAHMOOR1,NSW1,operating,gas_wcmg,,,7.04,
Broken Hill,CEC,au.nem.nsw.brokenh,BROKENH1,NSW1,operating,solar_utility,,,53.76,
Moree,CE2,au.nem.nsw.moreesf,MOREESF1,NSW1,operating,solar_utility,,,57.06,
Coonoer Bridge,CEB,au.nem.vic.cbwf,CBWF1,VIC1,operating,wind,,,19.8,
Oaky Creek 2,CE3,au.nem.qld.oaky2,OAKY2,QLD1,operating,gas_wcmg,,,15.0,
George Town,CEE,au.nem.tas.georgtwn,GEORGTN1,TAS1,retired,distillate,,,,
Port Latta Generator,CEF,au.nem.tas.portlatt,PORTLAT1,TAS1,retired,distillate,,,,
Que River,CE4,au.nem.tas.queriver,QUERIVE1,TAS1,retired,distillate,,,,
Bell Bay,CEG,au.nem.tas.bbdisel1,BBDISEL1,TAS1,retired,distillate,,,,
Hornsdale,CEH,au.nem.sa.hornsdal,HDWF1,SA1,operating,wind,,,102.4,
Ararat,CE5,au.nem.vic.arwf,ARWF1,VIC1,operating,wind,,,241.0,
Mugga Lane Solar Park,CET,au.nem.nsw.mlsp,MLSP1,NSW1,operating,solar_utility,,,12.0,
Kemps Creek,CEK,au.nem.nsw.aglsita,AGLSITA1,NSW1,operating,bioenergy_biogas,,,1.0,
Barcaldine,CE6,au.nem.qld.barcsf,BARCSF1,QLD1,operating,solar_utility,,,20.0,
Grosvenor 1,CE7,au.nem.qld.grosv1,GROSV1,QLD1,operating,gas_wcmg,,,21.29,
Hornsdale 2,CEP,au.nem.sa.hornsdal2,HDWF2,SA1,operating,wind,,,102.4,
Sunshine Coast Solar Farm,CE8,au.nem.qld.valdora,VALDORA1,QLD1,operating,solar_utility,,,15.0,
White Rock,CER,au.nem.nsw.wrwf1,WRWF1,NSW1,operating,wind,,,175.0,
Stapylton,CES,au.nem.qld.stapylton,STAPYLTON1,QLD1,operating,bioenergy_biogas,,,2.0,
Hornsdale 3,CEW,au.nem.sa.hornsdal3,HDWF3,SA1,operating,wind,,,112.0,
Grosvenor 2,CEY,au.nem.qld.grosv2,GROSV2,QLD1,operating,gas_wcmg,,,15.21,
Temporary Generation North,CFZ,au.nem.sa.satgn,SATGN1,SA1,operating,distillate,,,154.0,
Temporary Generation South,CFA,au.nem.sa.satgs,SATGS1,SA1,operating,distillate,,,123.2,
Kiata,CF2,au.nem.vic.kiatawf,KIATAWF1,VIC1,operating,wind,,,31.05,
Hornsdale Power Reserve,CFB,au.nem.sa.hornsdpr,HPRG1,SA1,operating,battery_discharging,,,150.0,
Hornsdale Power Reserve,CFB,au.nem.sa.hornsdpr,HPRL1,SA1,operating,battery_charging,,,150.0,
Yaloak South,CF3,au.nem.vic.yswf,YSWF1,VIC1,operating,wind,,,28.7,
Kidston,CFE,au.nem.qld.ksp1,KSP1,QLD1,operating,solar_utility,,,50.0,
Sapphire,CFF,au.nem.nsw.saphwf1,SAPHWF1,NSW1,operating,wind,,,270.0,
Griffith,CF4,au.nem.nsw.grifsf,GRIFSF1,NSW1,operating,solar_utility,,,27.2,
Parkes,CFG,au.nem.nsw.psf,PARSF1,NSW1,operating,solar_utility,,,55.0,
Maroona,CFH,au.nem.vic.maroowf1,MAROOWF1,VIC1,operating,wind,,,6.8,
Hughenden,CFT,au.nem.qld.hugsf,HUGSF1,QLD1,committed,solar_utility,,,20.97,
Clare,CFK,au.nem.qld.claresf,CLARESF1,QLD1,operating,solar_utility,,,110.26,
Silverton,CF6,au.nem.nsw.stwf,STWF1,NSW1,commissioning,wind,,,198.94,
Longreach,CF7,au.nem.qld.lrsf,LRSF1,QLD1,operating,solar_utility,,,17.0,
Gannawarra,CFP,au.nem.vic.gannsf,GANNSF1,VIC1,operating,solar_utility,,,55.0,
Sun Metals,CF8,au.nem.qld.smcsf,SMCSF1,QLD1,operating,solar_utility,,,6.0,
Manildra,CFR,au.nem.nsw.manslr,MANSLR1,NSW1,operating,solar_utility,,,50.0,
South Keswick,CFS,au.nem.nsw.sksf,SKSF1,NSW1,operating,solar_utility,,,15.0,
Narromine,CF9,au.nem.nsw.nasf,NASF1,NSW1,operating,solar_utility,,,10.0,
Bungala One,CFX,au.nem.sa.bngsf1,BNGSF1,SA1,operating,solar_utility,,,135.0,
Hamilton,CFY,au.nem.qld.hamisf,HAMISF1,QLD1,operating,solar_utility,,,57.0,
Salt Creek,C4Z,au.nem.vic.saltcrk,SALTCRK1,VIC1,operating,wind,,,54.0,
Whitsunday,C4A,au.nem.qld.whitsf,WHITSF1,QLD1,operating,solar_utility,,,57.0,
Mt Gellibrand,C4C,au.nem.vic.mtgelwf,MTGELWF1,VIC1,operating,wind,,,138.0,
Dalrymple North,C42,au.nem.sa.dalnth,DALNTH01,SA1,operating,battery_discharging,,,30.0,
Dalrymple North,C42,au.nem.sa.dalnth,DALNTHL1,SA1,operating,battery_charging,,,30.0,
Ross River,C4B,au.nem.qld.rrsf,RRSF1,QLD1,operating,solar_utility,,,128.0,
Darling Downs Solar Farm,C43,au.nem.qld.ddsf,DDSF1,QLD1,operating,solar_utility,,,121.0,
Bodangora,C4E,au.nem.nsw.bodwf,BODWF1,NSW1,operating,wind,,,113.0,
Bannerton,C4F,au.nem.vic.bannsp,BANN1,VIC1,operating,solar_utility,,,100.0,
Willogoleche,C44,au.nem.sa.wgwf,WGWF1,SA1,operating,wind,,,119.0,
Bungala Two,C4G,au.nem.sa.bngsf2,BNGSF2,SA1,commissioning,solar_utility,,,135.0,
Collinsville,C4H,au.nem.qld.cspvps,CSPVPS1,QLD1,operating,solar_utility,,,42.0,
Crookwell 2,C45,au.nem.nsw.crookwf2,CROOKWF2,NSW1,operating,wind,,,96.0,
Mount Emerald,C4T,au.nem.qld.mewf,MEWF1,QLD1,operating,wind,,,180.0,
White Rock,C4K,au.nem.nsw.wrsf1,WRSF1,NSW1,operating,solar_utility,,,22.0,
Coleambally,C46,au.nem.nsw.coleasf,COLEASF1,NSW1,operating,solar_utility,,,180.0,
Baking Board,C47,au.nem.qld.baking,BAKING1,QLD1,operating,solar_utility,,,17.0,
Emerald,C4P,au.nem.qld.emerasf,EMERASF1,QLD1,operating,solar_utility,,,88.0,
Daydream,C48,au.nem.qld.daydsf,DAYDSF1,QLD1,operating,solar_utility,,,255.0,
Daydream,C48,au.nem.qld.daydsf,DAYDSF2,QLD1,operating,solar_utility,,,255.0,
Hayman,C4R,au.nem.qld.haymsf,HAYMSF1,QLD1,operating,solar_utility,,,57.0,
Timboon West,C4S,au.nem.vic.timwest,TIMWEST,VIC1,operating,wind,,,7.0,
Karadoc,C49,au.nem.vic.karsf,KARSF1,VIC1,operating,solar_utility,,,104.0,
Ballarat Energy,C4X,au.nem.vic.balbess,BALBG1,VIC1,operating,battery_discharging,,,30.0,
Ballarat Energy,C4X,au.nem.vic.balbess,BALBL1,VIC1,operating,battery_charging,,,30.0,
Wemen,C4Y,au.nem.vic.wemensf1,WEMENSF1,VIC1,operating,solar_utility,,,97.0,
Crowlands,CGZ,au.nem.vic.crowlwf,CROWLWF1,VIC1,commissioning,wind,,,79.0,
Gannawarra,CGA,au.nem.vic.gannbess,GANNBG1,VIC1,operating,battery_discharging,,,30.0,
Gannawarra,CGA,au.nem.vic.gannbess,GANNBL1,VIC1,operating,battery_charging,,,30.0,
Yawong,CGC,au.nem.vic.yawwf,YAWWF1,VIC1,operating,wind,,,7.0,
Susan River,CGB,au.nem.qld.srsf,SRSF1,QLD1,operating,solar_utility,,,85.0,
Childers,CG3,au.nem.qld.childsf,CHILDSF1,QLD1,operating,solar_utility,,,64.0,
Tailem Bend 1,CGE,au.nem.sa.tbsf,TBSF1,SA1,operating,solar_utility,,,108.0,
Lincoln Gap,CGF,au.nem.sa.lgapwf1,LGAPWF1,SA1,committed,wind,,,212.0,
Lilyvale,CG4,au.nem.qld.lilyvasf,LILYSF1,QLD1,commissioning,solar_utility,,,118.0,
Oakey 1,CGG,au.nem.qld.oakey1sf,OAKEY1SF,QLD1,operating,solar_utility,,,30.0,
Murra Warra,CGH,au.nem.vic.muwawf,MUWAWF1,VIC1,commissioning,wind,,,231.0,
Beryl,CG5,au.nem.nsw.berylsf,BERYLSF1,NSW1,operating,solar_utility,,,98.0,
Numurkah,CGT,au.nem.vic.numurksf,NUMURSF1,VIC1,operating,solar_utility,,,74.0,
Haughton,CGK,au.nem.qld.haught1,HAUGHT11,QLD1,operating,bioenergy_biogas,,,132.0,
Rugby Run,CG6,au.nem.qld.rugbyr,RUGBYR1,QLD1,operating,solar_utility,,,83.0,
Coopers Gap,CGP,au.nem.qld.coopgwf,COOPGWF1,QLD1,commissioning,wind,,,69.0,
Clermont,CG8,au.nem.qld.clermsf,CLERMSF1,QLD1,operating,solar_utility,,,92.0,
Yendon,CGR,au.nem.vic.yendonwf,YENDWF1,VIC1,commissioning,wind,,,144.0,
Oakey 2,CGS,au.nem.qld.oakey2sf,OAKEY2SF,QLD1,commissioning,solar_utility,,,65.0,
Yarranlea,CG9,au.nem.qld.yaransf,YARANSF1,QLD1,commissioning,solar_utility,,,121.0,
Limondale 2,CGW,au.nem.nsw.limosf2,LIMOSF21,NSW1,operating,solar_utility,,,38.0,
Tableland Mill 2,CGY,au.nem.qld.tabmill2,TABMILL2,QLD1,operating,bioenergy_biomass,,,24.0,
Bulgana Green,CHZ,au.nem.vic.bulgana,BULGANA1,VIC1,committed,wind,,,182.0,
Goonumbla,CHA,au.nem.nsw.goonsf,GOONSF1,NSW1,operating,solar_utility,,,85.0,
Lake Bonney,CHC,au.nem.sa.lbbess,LBBG1,SA1,operating,battery_discharging,,,25.0,
Barker Inlet,CH2,au.nem.sa.barkips,BARKIPS1,SA1,operating,gas_recip,,,211.0,
Finley,CHB,au.nem.nsw.finleysf,FINLYSF1,NSW1,operating,solar_utility,,,162.0,
Dundonnell,CH3,au.nem.vic.dundwf,DUNDWF1,VIC1,commissioning,wind,,,335.0,
Dundonnell,CH3,au.nem.vic.dundwf,DUNDWF2,VIC1,commissioning,wind,,,335.0,
Dundonnell,CH3,au.nem.vic.dundwf,DUNDWF3,VIC1,commissioning,wind,,,335.0,
Limondale 1,CHF,au.nem.nsw.limosf1,LIMOSF11,NSW1,committed,solar_utility,,,275.0,
Cattle Hill,CHG,au.nem.tas.cthlwf,CTHLWF1,TAS1,commissioning,wind,,,148.0,
Elaine,CHH,au.nem.vic.elainewf,ELAINWF1,VIC1,commissioning,wind,,,83.0,
Maryrorough,CH5,au.nem.qld.maryrsf,MARYRSF1,QLD1,committed,solar_utility,,,33.0,
Bomen,CHT,au.nem.nsw.bomensf,BOMENSF1,NSW1,commissioning,solar_utility,,,121.0,
Nevertire,CHK,au.nem.nsw.neversf,NEVERSF1,NSW1,commissioning,solar_utility,,,132.0,
Granville Harbour,CH6,au.nem.tas.granwf,GRANWF1,TAS1,commissioning,wind,,,110.0,
Cherry Tree,CH7,au.nem.vic.chytwf,CHYTWF1,VIC1,commissioning,wind,,,57.0,
Ferguson North,28F,au.nem.vic.fnwf,FNWF1,VIC1,operating,wind,,,4.0,
Numurkah,29S,au.nem.vic.numursf,NUMURSF2,VIC1,operating,solar_utility,,,38.0,
Smithfield,2XK,au.nem.nsw.sithe0,SITHE04,NSW1,operating,gas_ccgt,,,,
Adelaide Airport,33Z,au.nem.sa.0nadeair,0NADEAIR_1,SA1,operating,solar_utility,,,1.0,
Adelaide Airport,33Z,au.nem.sa.0nadeair,0NADEAIR_2,SA1,operating,solar_utility,,,1.0,
Adelaide Zoo,33A,au.nem.sa.0nazss,0NAZSS_0,SA1,operating,solar_utility,,,0.15,
Aeroten Leongatha,33C,au.nem.vic.0naeleso,0NAELESO_0,VIC1,operating,solar_utility,,,0.2,
Albury,332,au.nem.nsw.0naref,0NAREF_0,NSW1,operating,bioenergy_biogas,,,1.12,
Aldi Brendale,33B,au.nem.qld.0naldbre,0NALDBRE_0,QLD1,operating,solar_utility,,,0.93,
Bakers Maison,33G,au.nem.nsw.0nbakmai,0NBAKMAI_0,NSW1,operating,solar_utility,,,0.22,
Ballarat,33T,au.nem.vic.0nball,0NBALL_0,VIC1,operating,bioenergy_biogas,,,0.79,
Bango,337,au.nem.nsw.0nb9wf,0NB9WF_1,NSW1,committed,wind,,,159.0,
Bayswood Timber Hallam,33Y,au.nem.vic.0nbthv,0NBTHV_0,VIC1,operating,solar_utility,,,0.15,
Beaconhills College Berwick,3EZ,au.nem.vic.0nbecobe,0NBECOBE_0,VIC1,operating,solar_utility,,,0.2,
Belconnen,3EA,au.nem.nsw.0nbelc,0NBELC_0,NSW1,operating,bioenergy_biogas,,,1.03,
Belrose,3EC,au.nem.nsw.0nbelr,0NBELR_0,NSW1,operating,bioenergy_biogas,,,1.03,
Bendigo,3E2,au.nem.vic.0nbend,0NBEND_0,VIC1,operating,bioenergy_biogas,,,0.5,
Berrybank,3EB,au.nem.vic.0nbewifa,0NBEWIFA_1,VIC1,committed,wind,,,180.6,
BHP Olympic Dam,3EF,au.nem.sa.0nbodbg,0NBODBG_0,SA1,operating,distillate,,,30.0,
Biala,3E4,au.nem.nsw.0nbiwifa,0NBIWIFA_1,NSW1,committed,wind,,,110.67,
Birkdale,3EG,au.nem.qld.0nbirk,0NBIRK_0,QLD1,operating,bioenergy_biogas,,,0.79,
Blayney,3EH,au.nem.nsw.blayney,0NBLAY_1,NSW1,operating,wind,,,9.9,
Boronia,3ER,au.nem.vic.0nbomihy,0NBOMIHY_0,VIC1,operating,hydro,,,0.11,
Bridgewater,3EW,au.nem.vic.0nbrid,0NBRID_0,VIC1,operating,solar_utility,,,1.3,
Bunurong Bangholme,3FG,au.nem.vic.0nb2kspb,0NB2KSPB_0,VIC1,operating,solar_utility,,,0.26,
Cardinia Creek Mini Hydro,3FR,au.nem.vic.0nccmh,0NCCMH_0,VIC1,operating,hydro,,,0.09,
Carina West,3FS,au.nem.vic.0ncaweh2,0NCAWEH2_0,VIC1,operating,bioenergy_biomass,,,3.1,
Cedar Meats Geelong,3FY,au.nem.vic.0ncmsg,0NCMSG_0,VIC1,operating,solar_utility,,,0.2,
Chillamurra,34E,au.nem.nsw.0nchil,0NCHIL_0,NSW1,operating,solar_utility,,,4.77,
Chillamurra,34F,au.nem.qld.0nchsofa,0NCHSOFA_1,QLD1,operating,solar_utility,,,3.6,
Churchill Abattoir,344,au.nem.qld.0ncax,0NCAX_0,QLD1,operating,solar_utility,,,0.91,
Club Merrylands,346,au.nem.nsw.0nclumer,0NCLUMER_0,NSW1,operating,distillate,,,,
Cohuna,348,au.nem.vic.0ncosofa,0NCOSOFA_1,VIC1,committed,solar_utility,,,31.1,
Collector,34S,au.nem.nsw.0ncoll,0NCOLL_1,NSW1,committed,wind,,,226.8,
Crookwell,3G2,au.nem.nsw.crookwel,0NCROO_7,NSW1,operating,wind,,,4.8,
Crudine Ridge,3GE,au.nem.nsw.0ncrwf,0NCRWF_1,NSW1,committed,wind,,,138.01,
Darlington Point,3GT,au.nem.nsw.0ndpsf,0NDPSF_1,NSW1,committed,solar_utility,,,274.97,
De Bortoli Wines,3G7,au.nem.nsw.0ndebowi,0NDEBOWI_0,NSW1,operating,solar_utility,,,0.23,
Horsley Park,3G8,au.nem.nsw.0ndshp,0NDSHP_0,NSW1,operating,solar_utility,,,0.1,
Draytons Family Wines,3GR,au.nem.nsw.0ndsfws,0NDSFWS_0,NSW1,operating,solar_utility,,,0.2,
Dunblane,3GS,au.nem.qld.0ndusofa,0NDUSOFA_3,QLD1,operating,solar_utility,,,7.2,
Flavorite Marketing,3H4,au.nem.vic.0nflamar,0NFLAMAR_0,VIC1,operating,solar_utility,,,0.15,
FPC Green Energy,3HG,au.nem.qld.0nfpgren,0NFPGREN_0,QLD1,operating,bioenergy_biomass,,,30.0,
Fraser Coast Community,3HH,au.nem.qld.0nfccsf,0NFCCSF_0,QLD1,operating,solar_utility,,,0.4,
Gangarri,3H5,au.nem.qld.0ngasofa,0NGASOFA_1,QLD1,committed,solar_utility,,,119.88,
Glenorchy,3HS,au.nem.tas.0nglen,0NGLEN_1,TAS1,operating,bioenergy_biogas,,,3.38,
Glenrowan West Sun,3H9,au.nem.vic.0ngwsf,0NGWSF_1,VIC1,committed,solar_utility,,,132.0,
Hobart,356,au.nem.tas.0nhoba,0NHOBA_0,TAS1,operating,bioenergy_biogas,,,1.0,
Inkerman Mill,3TZ,au.nem.qld.0ninkmil,0NINKMIL_0,QLD1,operating,bioenergy_biomass,,,12.5,
Inkerman Mill,3TZ,au.nem.qld.0ninkmil,0NINKMIL_1,QLD1,operating,bioenergy_biomass,,,12.5,
Jessica Way Truganina,3TB,au.nem.vic.0njwts,0NJWTS_0,VIC1,operating,solar_utility,,,0.36,
JL King & Co,3TE,au.nem.vic.0njkc1s,0NJKC1S_0,VIC1,operating,solar_utility,,,0.15,
Kalamia Mill,3TG,au.nem.qld.0nkalmil,0NKALMIL_0,QLD1,operating,bioenergy_biomass,,,9.0,
Kanowna,3TH,au.nem.nsw.0nkasofa,0NKASOFA_0,NSW1,operating,solar_utility,,,,
Kennedy Energy Park,3T6,au.nem.qld.0nkepp1s,0NKEPP1S_5,QLD1,committed,solar_utility,,,17.0,
Kennedy Energy Park,3T6,au.nem.qld.0nkepp1s,0NKEPP1S_1,QLD1,committed,battery_discharging,,,17.0,
Kiamal,3TP,au.nem.vic.0nksfs,0NKSFS1,VIC1,committed,solar_utility,,,199.95,
Kingscote,3TS,au.nem.sa.0nkipost,0NKIPOST_4,SA1,operating,distillate,,,10.0,
Lake Margaret,3KC,au.nem.tas.0nlakmar,0NLAKMAR_6,TAS1,operating,hydro,,,8.4,
Lake Somerset,3K2,au.nem.qld.0nlaksom,0NLAKSOM_0,QLD1,operating,hydro,,,4.3,
Lakeland,3KB,au.nem.qld.0nlsas,0NLSAS_1,QLD1,operating,solar_utility,,,12.5,
Llewellyn Motors,3KT,au.nem.qld.0nllemot,0NLLEMOT_1,QLD1,operating,solar_utility,,,0.34,
Lake Macquarie Community,3KK,au.nem.nsw.0nlwdps,0NLWDPS_0,NSW1,operating,solar_utility,,,0.08,
Lower Lake Margaret,3KP,au.nem.tas.0nlolama,0NLOLAMA_0,TAS1,operating,hydro,,,3.2,
Maryborough Mill,362,au.nem.qld.0nmarmil,0NMARMIL_1,QLD1,operating,bioenergy_biomass,,,3.5,
McNamee Partners,363,au.nem.qld.0nmcnpar,0NMCNPAR_7,QLD1,operating,solar_utility,,,0.26,
Middlemount Sun,36F,au.nem.qld.0nmisufa,0NMISUFA_0,QLD1,committed,solar_utility,,,26.0,
Midland Highway Orrvale,364,au.nem.vic.0nmihior,0NMIHIOR_0,VIC1,operating,solar_utility,,,0.51,
Molendinar,365,au.nem.qld.0nmole,0NMOLE_0,QLD1,operating,bioenergy_biogas,,,0.48,
Molong,36T,au.nem.nsw.0nmosofa,0NMOSOFA_1,NSW1,committed,solar_utility,,,36.08,
Moorabool,36K,au.nem.vic.0nmowifa,0NMOWIFA_1,VIC1,committed,wind,,,312.0,
Moranbah Workers,36P,au.nem.qld.0nmowoso,0NMOWOSO_0,QLD1,operating,solar_utility,,,0.21,
Mount Majura,36W,au.nem.nsw.0nmoumaj,0NMOUMAJ_0,NSW1,operating,solar_utility,,,2.3,
Mount Sheridan Plaza,36X,au.nem.qld.0nmoshpl,0NMOSHPL_0,QLD1,operating,solar_utility,,,0.3,
Mount Waverley,36Y,au.nem.vic.0nmwmh,0NMWMH_0,VIC1,operating,hydro,,,0.35,
Mugga Lane,373,au.nem.nsw.0nmuglan,0NMUGLAN_3,NSW1,operating,bioenergy_biogas,,,4.6,
NAWMA Balefill Uleybury,37K,au.nem.sa.0nnbsu,0NNBSU_1,SA1,operating,distillate,,,1.12,
Newhaven College,377,au.nem.vic.0nnewcol,0NNEWCOL_0,VIC1,operating,solar_utility,,,0.24,
Normanton,37P,au.nem.qld.0nnosofa,0NNOSOFA_0,QLD1,operating,solar_utility,,,4.96,
Nymboida,37R,au.nem.nsw.0nnymb,0NNYMB_0,NSW1,operating,hydro,,,0.69,
Oaky,37Y,au.nem.nsw.0noaky,0NOAKY_0,NSW1,operating,hydro,,,2.4,
Parkes Shire Council STP,3P2,au.nem.nsw.0npscs,0NPSCS_0,NSW1,operating,solar_utility,,,0.11,
Parkes Shire Council WTP,3PB,au.nem.nsw.0npscw,0NPSCW_0,NSW1,operating,solar_utility,,,0.11,
Penrith RSL,3PF,au.nem.nsw.0npersso,0NPERSSO_0,NSW1,operating,solar_utility,,,0.2,
Peterborough,3P4,au.nem.sa.0npesofa,0NPESOFA_1,SA1,operating,solar_utility,,,4.9,
Proserpine,3P8,au.nem.qld.0npros,0NPROS_0,QLD1,operating,bioenergy_biomass,,,17.0,
Proserpine,3P8,au.nem.qld.0npros,0NPROS_1,QLD1,operating,bioenergy_biomass,,,17.0,
Proten,3PR,au.nem.nsw.0nproten,0NPRFA60,NSW1,operating,solar_utility,,,2.18,
Proten,3PR,au.nem.nsw.0nproten,0NPRFA61,NSW1,operating,solar_utility,,,2.18,
Proten,3PR,au.nem.nsw.0nproten,0NPRFA74_2,NSW1,operating,solar_utility,,,2.18,
Proten,3PR,au.nem.nsw.0nproten,0NPF77_3,NSW1,operating,solar_utility,,,2.18,
Redmud Green Energy,3P9,au.nem.sa.0nredmud,0NRGE1_0,SA1,operating,solar_utility,,,2.72,
Redmud Green Energy,3P9,au.nem.sa.0nredmud,0NRGE1,SA1,operating,solar_utility,,,2.72,
Redmud Green Energy,3P9,au.nem.sa.0nredmud,0NRGE1_2,SA1,operating,solar_utility,,,2.72,
Redmud Green Energy,3P9,au.nem.sa.0nredmud,0NRGE1_3,SA1,operating,solar_utility,,,2.72,
Redmud Green Energy,3P9,au.nem.sa.0nredmud,0NRGE1_4,SA1,operating,solar_utility,,,2.72,
Redmud Green Energy,3P9,au.nem.sa.0nredmud,0NRGE4_5,SA1,operating,solar_utility,,,2.72,
Redmud Green Energy,3P9,au.nem.sa.0nredmud,0NRGE5_6,SA1,operating,solar_utility,,,2.72,
Redmud Green Energy,3P9,au.nem.sa.0nredmud,0NRGE6_7,SA1,operating,solar_utility,,,2.72,
Redmud Green Energy,3P9,au.nem.sa.0nredmud,0NRGE7_8,SA1,operating,solar_utility,,,2.72,
Redmud Green Energy,3P9,au.nem.sa.0nredmud,0NRGE8_1,SA1,operating,solar_utility,,,2.72,
Redmud Green Energy,3P9,au.nem.sa.0nredmud,0NRGE9_1,SA1,operating,solar_utility,,,2.72,
Revesby Workers Club,38A,au.nem.nsw.0nrewocl,0NREWOCL_1,NSW1,operating,distillate,,,,
Rewaste Wollert,38C,au.nem.vic.0nrewwol,0NREWWOL_0,VIC1,operating,bioenergy_biogas,,,1.06,
Aquatic & Leasure Centre,38H,au.nem.sa.0nsalc,0NSALC_0,SA1,operating,solar_utility,,,0.51,
SA VPP,385,au.nem.sa.0nsgvpps,0NSGVPPS_0,SA1,operating,battery_discharging,,,5.5,
SA VPP,385,au.nem.sa.0nsgvpps,0NSGVPPS_1,SA1,committed,battery_discharging,,,5.5,
Sale Hospital,38T,au.nem.vic.0nsahoso,0NSAHOSO_0,VIC1,operating,solar_utility,,,0.26,
SCS Shepparton,387,au.nem.vic.0nscsshe,0NSCSSHE_0,VIC1,operating,solar_utility,,,0.3,
Seacliff,38P,au.nem.sa.0nsemihy,0NSEMIHY_0,SA1,operating,hydro,,,1.35,
Shamic Sheetmetal,388,au.nem.vic.0nshashe,0NSHASHE_0,VIC1,operating,solar_utility,,,0.31,
Shepparton,38R,au.nem.vic.0nshep,0NSHEP_0,VIC1,operating,bioenergy_biomass,,,0.78,
SIPS Staypylton Industrial,38Y,au.nem.qld.0nssips,0NSSIPS_0,QLD1,operating,solar_utility,,,0.15,
Snowy 2.0,3R2,au.nem.nsw.0nsn20,0NSN20_5,NSW1,committed,pumps,,,2040.0,
St George Leagues Club Kogarah,3RH,au.nem.nsw.0nsglckn,0NSGLCKN_0,NSW1,operating,distillate,,,1.48,
St Patricks College Launceston,3R5,au.nem.tas.0nspscl,0NSPSCL_0,TAS1,operating,solar_utility,,,0.26,
St Ursulas College Yeppoon,3RT,au.nem.qld.0nsuscy,0NSUSCY_0,QLD1,operating,solar_utility,,,0.17,
Wetherill Park,3RP,au.nem.nsw.0nsdwp,0NSDWP_0,NSW1,operating,solar_utility,,,0.92,
Stockyard Hill,3R8,au.nem.vic.0nshwf,0NSHWF_1,VIC1,committed,wind,,,531.93,
Summer Hill,3RR,au.nem.nsw.0nsumhil,0NSUMHIL_1,NSW1,operating,bioenergy_biogas,,,2.25,
Sunraysia,3R9,au.nem.nsw.0nsusofa,0NSUSOFA_1,NSW1,committed,solar_utility,,,228.8,
Suntown,3RX,au.nem.qld.0nsref,0NSREF_0,QLD1,operating,bioenergy_biogas,,,1.79,
Suntown,3RX,au.nem.qld.0nsref,0NSREF_1,QLD1,operating,bioenergy_biogas,,,1.79,
Swan Hill Solar Farm,3SZ,au.nem.vic.0nswansf,0NSHSF1U_2,VIC1,operating,solar_utility,,,14.4,
Swan Hill Solar Farm,3SZ,au.nem.vic.0nswansf,0NSHSF2U_3,VIC1,operating,solar_utility,,,14.4,
Swanbank JV,3SC,au.nem.qld.0nswajv,0NSWAJV_0,QLD1,operating,bioenergy_biogas,,,1.49,
Swanbank JV,3SC,au.nem.qld.0nswajv,0NSWAJV_1,QLD1,operating,bioenergy_biogas,,,1.49,
Taronga Western Plains Zoo,3SH,au.nem.nsw.0ntwpz,0NTWPZ_0,NSW1,operating,solar_utility,,,1.0,
DHP (Todae),3S9,au.nem.qld.0ntsd1,0NTSD1_0,QLD1,operating,solar_utility,,,0.95,
La Trobe University Bendigo (Todae),3SW,au.nem.vic.0ntsltub,0NTSLTUB_0,VIC1,operating,solar_utility,,,0.35,
La Trobe University Wodonga (Todae),3SX,au.nem.vic.0ntsltuw,0NTSLTUW_0,VIC1,operating,solar_utility,,,0.22,
Nillumbik (Todae),3SY,au.nem.vic.0ntosoni,0NTOSONI_0,VIC1,operating,solar_utility,,,0.12,
CSU (Todae),39Z,au.nem.nsw.0ntosocs,0NTOSOCS_0,NSW1,operating,solar_utility,,,1.77,
Llandilo (Todae),39A,au.nem.nsw.0ntspl,0NTSPL_0,NSW1,operating,solar_utility,,,0.8,
Minchinbury (Todae),39C,au.nem.nsw.0ntspm,0NTSPM_0,NSW1,operating,solar_utility,,,0.32,
Eltham (Todae),392,au.nem.vic.0ntsse,0NTSSE_0,VIC1,operating,solar_utility,,,0.18,
Holy Spirit Northside (Todae),39B,au.nem.qld.0ntsshsn,0NTSSHSN_0,QLD1,operating,solar_utility,,,0.39,
Mater Clinic (Todae),393,au.nem.nsw.0ntssmc,0NTSSMC_0,NSW1,operating,solar_utility,,,0.13,
Mater Hospital (Todae),39E,au.nem.nsw.0ntssmh,0NTSSMH_0,NSW1,operating,solar_utility,,,0.28,
Mitchelton (Todae),39F,au.nem.qld.0ntssm,0NTSSM_0,QLD1,operating,solar_utility,,,0.17,
Private Brisbane (Todae),394,au.nem.qld.0ntsspb,0NTSSPB_0,QLD1,operating,solar_utility,,,0.17,
Toowoomba (Todae),39G,au.nem.qld.0ntsst,0NTSST_0,QLD1,operating,solar_utility,,,0.26,
Lourdes (Todae),39H,au.nem.qld.0ntssl,0NTSSL_0,QLD1,operating,solar_utility,,,0.26,
Tods Corner,395,au.nem.tas.0ntodcor,0NTODCOR_0,TAS1,operating,pumps,,,1.2,
Tong Park Agricultural,39T,au.nem.qld.0ntpaw,0NTPAW_0,QLD1,operating,bioenergy_biogas,,,1.23,
UoM Archives Brunswick,39S,au.nem.vic.0nuomab,0NUOMAB_0,VIC1,operating,solar_utility,,,0.09,
UoM McCoy Carlton,399,au.nem.vic.0nuommc,0NUOMMC_0,VIC1,operating,solar_utility,,,0.07,
UoM Performing Arts Centre Southbank,39W,au.nem.vic.0nuompac,0NUOMPAC_0,VIC1,operating,solar_utility,,,0.14,
UoM Peter Hall Parkville,39X,au.nem.vic.0nuomphp,0NUOMPHP_0,VIC1,operating,solar_utility,,,0.05,
UoM Sports Centre Parkville,39Y,au.nem.vic.0nuomscp,0NUOMSCP_0,VIC1,operating,solar_utility,,,0.16,
UoM The Spot Carlton,3WZ,au.nem.vic.0nuomtsc,0NUOMTSC_0,VIC1,operating,solar_utility,,,0.06,
University Of Southern Queensland Toowoomba,3WA,au.nem.qld.0nuosqt,0NUOSQT_0,QLD1,operating,solar_utility,,,1.09,
Vawdrey Manufacturing,3WB,au.nem.vic.0nvawman,0NVAWMAN_0,VIC1,operating,solar_utility,,,0.75,
Vibe Bordertown,3W3,au.nem.sa.0nvebpsg,0NVEBPSG_0,SA1,operating,distillate,,,5.0,
Vulcan Yatala,3W4,au.nem.qld.0nvulyat,0NVULYAT_0,QLD1,operating,solar_utility,,,0.2,
Wantirna,3WG,au.nem.vic.0nwamihy,0NWAMIHY_0,VIC1,operating,hydro,,,0.13,
Warwick,3WH,au.nem.qld.0nwasofa,0NWASOFA_7,QLD1,committed,solar_utility,,,64.21,
Warwick,3WH,au.nem.qld.0nwasofa,0NWASOFA_8,QLD1,committed,solar_utility,,,64.21,
Wellington,3W6,au.nem.nsw.0nwesofa,0NWESOFA_1,NSW1,committed,solar_utility,,,211.2,
Winton,3X2,au.nem.vic.0nwisofa,0NWISOFA_0,VIC1,committed,solar_utility,,,85.0,
Woolcock Centre,3X6,au.nem.qld.0nwoocen,0NWOOCEN_0,QLD1,operating,solar_utility,,,0.3,
Yalumba Angaston,3XW,au.nem.sa.0nywssa,0NYWSSA_0,SA1,operating,solar_utility,,,1.14,
Yalumba Oxford Landing,3XX,au.nem.sa.0nywssol,0NYWSSOL_0,SA1,operating,solar_utility,,,0.2,
Yatpool,3YC,au.nem.vic.0nyasofa,0NYASOFA_1,VIC1,committed,solar_utility,,,44.0,
Sunlands,3Y3,au.nem.sa.0nyessun,0NYESSUN_1,SA1,operating,solar_utility,,,1.0,
Zilzie Winery,3YE,au.nem.vic.0nzwss,0NZWSS_0,VIC1,operating,solar_utility,,,0.11,
Albany,4P4,au.nem.wa.albany,ALBANY_WF1,WA1,operating,wind,,,21.6,
Badgingarra,4P4,au.nem.wa.badgingarra,BADGINGARRA_WF1,WA1,operating,wind,,,130.0,
Bluewaters,4P4,au.nem.wa.bluewaters,BW2_BLUEWATERS_G1,WA1,operating,coal_black,,,434.0,
Bluewaters,4P4,au.nem.wa.bluewaters,BW1_BLUEWATERS_G2,WA1,operating,coal_black,,,434.0,
Bremer Bay,4P4,au.nem.wa.bremerbay,BREMER_BAY_WF1,WA1,operating,wind,,,0.6,
Cockburn,4P4,au.nem.wa.cockburn,COCKBURN_CCG1,WA1,operating,gas_ccgt,,,249.7,
Collgar,4P4,au.nem.wa.investeccollgar,INVESTEC_COLLGAR_WF1,WA1,operating,wind,,,206.0,
Collie,4P4,au.nem.wa.collie,COLLIE_G1,WA1,operating,coal_black,,,318.3,
Denmark,4P4,au.nem.wa.dcwldenmark,DCWL_DENMARK_WF1,WA1,operating,wind,,,1.44,
Emu Downs,4P4,au.nem.wa.edwfman,EDWFMAN_WF1,WA1,operating,wind,,,80.0,
Geraldton diesel,4P4,au.nem.wa.teslageraldton,TESLA_GERALDTON_G1,WA1,operating,distillate,,,9.9,
Gosnells,4P4,au.nem.wa.gosnells,GOSNELLS,WA1,operating,bioenergy_biogas,,,1.0,
Grasmere,4P4,au.nem.wa.grasmere,GRASMERE_WF1,WA1,operating,wind,,,13.8,
Greenough River,4P4,au.nem.wa.greenoughriver,GREENOUGH_RIVER_PV1,WA1,operating,solar_utility,,,10.0,
Henderson,4P4,au.nem.wa.hendersonrenewable,HENDERSON_RENEWABLE_IG1,WA1,operating,bioenergy_biogas,,,3.0,
Kalamunda,4P4,au.nem.wa.kalamundasg,KALAMUNDA_SG,WA1,operating,bioenergy_biogas,,,1.3,
Kalbarri,4P4,au.nem.wa.kalbarri,KALBARRI_WF1,WA1,operating,wind,,,1.6,
Kambalda,4P4,au.nem.wa.sthrncrs,STHRNCRS_EG,WA1,operating,gas_ocgt,,,23.0,
Karakin,4P4,au.nem.wa.blairfoxkarakin,BLAIRFOX_KARAKIN_WF1,WA1,operating,wind,,,5.0,
Kemerton,4P4,au.nem.wa.kemerton,KEMERTON_GT11,WA1,operating,gas_ocgt,,,309.4,
Kemerton,4P4,au.nem.wa.kemerton,KEMERTON_GT12,WA1,operating,gas_ocgt,,,309.4,
Kemerton diesel,4P4,au.nem.wa.teslakemerton,TESLA_KEMERTON_G1,WA1,operating,distillate,,,9.9,
Kwinana,4P4,au.nem.wa.kwinana,KWINANA_GT2,WA1,operating,gas_ocgt,,,292.1,
Kwinana,4P4,au.nem.wa.kwinana,KWINANA_GT3,WA1,operating,gas_ocgt,,,292.1,
Kwinana,4P4,au.nem.wa.kwinana,PPP_KCP_EG1,WA1,operating,gas_ocgt,,,292.1,
Kwinana Swift,4P4,au.nem.wa.perthenergykwinana,PERTHENERGY_KWINANA_GT1,WA1,operating,gas_ocgt,,,116.0,
Kwinana cogen,4P4,au.nem.wa.tiwestcog1,TIWEST_COG1,WA1,operating,gas_ocgt,,,42.1,
Manjimup,4P4,au.nem.wa.bridgetownbiomassplant,BRIDGETOWN_BIOMASS_PLANT,WA1,operating,bioenergy_biomass,,,40.0,
Merredin,4P4,au.nem.wa.namkknmerr,NAMKKN_MERR_SG1,WA1,operating,gas_ocgt,,,92.6,
Metro,4P4,au.nem.wa.ambrisolar,AMBRISOLAR_PV1,WA1,operating,solar_utility,,,0.96,
Mirrabooka,4P4,au.nem.wa.atlas,ATLAS,WA1,operating,bioenergy_biogas,,,1.23,
Mount Barker,4P4,au.nem.wa.skyfrmmtbarker,SKYFRM_MTBARKER_WF1,WA1,operating,wind,,,2.43,
Muja CD,4P4,au.nem.wa.muja,MUJA_G5,WA1,operating,coal_black,,,814.6,
Muja CD,4P4,au.nem.wa.muja,MUJA_G6,WA1,operating,coal_black,,,814.6,
Muja CD,4P4,au.nem.wa.muja,MUJA_G7,WA1,operating,coal_black,,,814.6,
Muja CD,4P4,au.nem.wa.muja,MUJA_G8,WA1,operating,coal_black,,,814.6,
Mumbida,4P4,au.nem.wa.mwfmumbida,MWF_MUMBIDA_WF1,WA1,operating,wind,,,55.0,
Mungarra,4P4,au.nem.wa.mungarra,MUNGARRA_GT1,WA1,operating,gas_ocgt,,,117.0,
Mungarra,4P4,au.nem.wa.mungarra,MUNGARRA_GT2,WA1,operating,gas_ocgt,,,117.0,
Mungarra,4P4,au.nem.wa.mungarra,MUNGARRA_GT3,WA1,operating,gas_ocgt,,,117.0,
Neerabup,4P4,au.nem.wa.newgenneerabup,NEWGEN_NEERABUP_GT1,WA1,operating,gas_ocgt,,,342.0,
Newgen Kwinana,4P4,au.nem.wa.newgenkwinana,NEWGEN_KWINANA_CCG1,WA1,operating,gas_ccgt,,,335.0,
Northam,4P4,au.nem.wa.northamsf,NORTHAM_SF_PV1,WA1,operating,solar_utility,,,7.75,
Northam diesel,4P4,au.nem.wa.teslanortham,TESLA_NORTHAM_G1,WA1,operating,distillate,,,9.9,
Parkeston,4P4,au.nem.wa.prkag,PRK_AG,WA1,operating,gas_ocgt,,,68.0,
Picton diesel,4P4,au.nem.wa.teslapicton,TESLA_PICTON_G1,WA1,operating,distillate,,,9.9,
Pinjar,4P4,au.nem.wa.pinjar,PINJAR_GT1,WA1,operating,gas_ocgt,,,600.6,
Pinjar,4P4,au.nem.wa.pinjar,PINJAR_GT10,WA1,operating,gas_ocgt,,,600.6,
Pinjar,4P4,au.nem.wa.pinjar,PINJAR_GT11,WA1,operating,gas_ocgt,,,600.6,
Pinjar,4P4,au.nem.wa.pinjar,PINJAR_GT2,WA1,operating,gas_ocgt,,,600.6,
Pinjar,4P4,au.nem.wa.pinjar,PINJAR_GT3,WA1,operating,gas_ocgt,,,600.6,
Pinjar,4P4,au.nem.wa.pinjar,PINJAR_GT4,WA1,operating,gas_ocgt,,,600.6,
Pinjar,4P4,au.nem.wa.pinjar,PINJAR_GT5,WA1,operating,gas_ocgt,,,600.6,
Pinjar,4P4,au.nem.wa.pinjar,PINJAR_GT7,WA1,operating,gas_ocgt,,,600.6,
Pinjar,4P4,au.nem.wa.pinjar,PINJAR_GT9,WA1,operating,gas_ocgt,,,600.6,
Pinjara,4P4,au.nem.wa.alintapnj,ALINTA_PNJ_U1,WA1,operating,gas_ocgt,,,286.0,
Pinjara,4P4,au.nem.wa.alintapnj,ALINTA_PNJ_U2,WA1,operating,gas_ocgt,,,286.0,
Red Hill,4P4,au.nem.wa.redhill,RED_HILL,WA1,operating,bioenergy_biogas,,,3.64,
Richgro,4P4,au.nem.wa.biogas01,BIOGAS01,WA1,operating,bioenergy_biogas,,,2.0,
Rockingham,4P4,au.nem.wa.rockingham,ROCKINGHAM,WA1,operating,bioenergy_biogas,,,4.0,
South Cardup,4P4,au.nem.wa.southcardup,SOUTH_CARDUP,WA1,operating,bioenergy_biogas,,,4.16,
Tamala Park,4P4,au.nem.wa.tamalapark,TAMALA_PARK,WA1,operating,bioenergy_biogas,,,4.8,
Wagerup,4P4,au.nem.wa.alcoawgp,ALCOA_WGP,WA1,operating,gas_ocgt,,,418.0,
Wagerup,4P4,au.nem.wa.alcoawgp,ALINTA_WGP_GT,WA1,operating,gas_ocgt,,,418.0,
Wagerup,4P4,au.nem.wa.alcoawgp,ALINTA_WGP_U2,WA1,operating,gas_ocgt,,,418.0,
Walkaway,4P4,au.nem.wa.alintawwf,ALINTA_WWF,WA1,operating,wind,,,89.1,
West Hills,4P4,au.nem.wa.blairfoxwesthills,BLAIRFOX_WESTHILLS_WF3,WA1,operating,wind,,,5.0,
West Kalgoorlie,4P4,au.nem.wa.westkalgoorlie,WEST_KALGOORLIE_GT2,WA1,operating,distillate,,,64.5,
West Kalgoorlie,4P4,au.nem.wa.westkalgoorlie,WEST_KALGOORLIE_GT3,WA1,operating,distillate,,,64.5,
Kwinana,4P4,au.nem.wa.kwinana,KWINANA_C5,WA1,retired,coal_black,,,,
Kwinana,4P4,au.nem.wa.kwinana,KWINANA_C6,WA1,retired,coal_black,,,,
Muja AB,4P4,au.nem.wa.muja,MUJA_M1,WA1,retired,coal_black,,,,
Muja AB,4P4,au.nem.wa.muja,MUJA_M2,WA1,retired,coal_black,,,,
Muja AB,4P4,au.nem.wa.muja,MUJA_M3,WA1,retired,coal_black,,,,
Muja AB,4P4,au.nem.wa.muja,MUJA_M4,WA1,retired,coal_black,,,,
